Stream Name,Label,Data Source,Source Object,Connector Type,Data Stream Type,Category,Status,Status Health,Enabled,Last Run Status,Run Health,Last Refresh Date,Total Records,Last Added Records,Last Processed Records,DLO Name,DLO Status,Mapped DMO(s),Mapping Count,Refresh Mode,Frequency Type,Record ID
AbnExperiment_Home,AbnExperiment_Home,SalesforceDotCom_Home,AbnExperiment,SalesforceDotCom,SFDC_PACKAGE_KIT,Other,ACTIVE,OK,True,SUCCESS,OK,2026-07-02T16:50:36.000Z,0,0,0,AbnExperiment_Home__dll,ACTIVE,ssot__AbnExperiment__dlm,1,UPSERT,BATCH,1dsam000000LmXuAAK
AbnExperimentCohort_Home,AbnExperimentCohort_Home,SalesforceDotCom_Home,AbnExperimentCohort,SalesforceDotCom,SFDC_PACKAGE_KIT,Other,ACTIVE,OK,True,SUCCESS,OK,2026-07-02T16:50:36.000Z,0,0,0,AbnExperimentCohort_Home__dll,ACTIVE,ssot__AbnExperimentCohort__dlm,1,UPSERT,BATCH,1dsam000000LmXtAAK
account_Databricks,account_Databricks,Databricks_Databricks,,Databricks,EXTERNAL,Profile,ACTIVE,OK,True,NONE,WARN,,3,,,account_Databricks__dll,ACTIVE,,0,TOTAL_REPLACE,,1dsam000000PXFJAA4
Account_DCCDO1,Account_DCCDO1,SalesforceDotCom_DCCDO1,Account,SalesforceDotCom,SFDC,Profile,ACTIVE,OK,True,SUCCESS,OK,2025-12-31T17:05:37.000Z,89,0,0,Account_DCCDO1__dll,ACTIVE,ssot__Account__dlm; ssot__Party__dlm,2,UPSERT,,1dsam000000ARdFAAW
Account_FinsDC1,Account_FinsDC1,SalesforceDotCom_FinsDC1,Account,SalesforceDotCom,SFDC,Profile,ACTIVE,OK,True,SUCCESS,OK,2025-12-31T17:05:40.000Z,127,0,0,Account_FinsDC1__dll,ACTIVE,ssot__Account__dlm; ssot__Party__dlm,2,UPSERT,,1dsam000000AQvpAAG
Account_FinsDC4,Account_FinsDC4,SalesforceDotCom_FinsDC4,Account,SalesforceDotCom,SFDC,Profile,ACTIVE,OK,True,SUCCESS,OK,2025-12-31T17:05:40.000Z,146,0,0,Account_FinsDC4__dll,ACTIVE,ssot__Account__dlm; ssot__Party__dlm,2,UPSERT,,1dsam000000GmBxAAK
Account_Home,Account,SalesforceDotCom_Home,Account,SalesforceDotCom,SFDC,Profile,ACTIVE,OK,True,SUCCESS,OK,2026-05-28T03:07:34.000Z,36222,36222,36223,Account_Home__dll,ACTIVE,ssot__Account__dlm; ssot__ContactPointAddress__dlm; ssot__ContactPointEmail__dlm; ssot__ContactPointPhone__dlm; ssot__Party__dlm,5,UPSERT,,1dsam0000009GC1AAM
Account_InsuranceAFDC,Account_InsuranceAFDC,SalesforceDotCom_InsuranceAFDC,Account,SalesforceDotCom,SFDC_PACKAGE_KIT,Profile,ACTIVE,OK,True,SUCCESS,OK,2026-07-02T16:50:37.000Z,167,0,0,Account_InsuranceAFDC__dll,ACTIVE,ins_Account__dlm; ins_ContactPointAddress__dlm; ins_ContactPointEmail__dlm; ins_ContactPointPhone__dlm; ssot__Account__dlm; ssot__ContactPointAddress__dlm; ssot__ContactPointPhone__dlm,7,UPSERT,BATCH,1dsam000000KldxAAC
AccountAccountRelationship,AccountAccountRelationship,SalesforceDotCom_Home,FinServ__AccountAccountRelation__c,SalesforceDotCom,SFDC,Profile,ACTIVE,OK,True,SUCCESS,OK,2026-05-26T15:13:53.000Z,116,116,117,AccountAccountRelationship__dll,ACTIVE,,0,UPSERT,,1dsam000000J1rdAAC
AccountContactRelation_Home,AccountContactRelation_Home,SalesforceDotCom_Home,AccountContactRelation,SalesforceDotCom,SFDC,Profile,ERROR,WARN,True,SUCCESS,OK,2026-06-25T21:06:12.000Z,24986,0,0,AccountContactRelation_Home__dll,ACTIVE,,0,UPSERT,BATCH,1dsam000000J1urAAC
Activities_Snow,Activities_Snow,Jedi_Snowflake,,SNOWFLAKE,EXTERNAL,Engagement,ACTIVE,OK,True,SUCCESS,OK,2025-12-29T06:01:01.000Z,100,0,100,Activities_Snow__dll,ACTIVE,ssot__Activity__dlm,1,TOTAL_REPLACE,,1dsam000000JFplAAG
ActivityInsight_00Dam00000Uo32q,ActivityInsight_00Dam00000Uo32q,ECI_ECI_S3,,ECI,CONNECTORSFRAMEWORK,Engagement,ACTIVE,OK,True,SUCCESS,OK,2026-07-02T16:21:56.000Z,911,0,0,ActivityInsight_00Dam00000Uo32q__dll,ACTIVE,,0,UPSERT,HOURLY,1dsam000000NFfuAAG
ActivityInsightAction_00Dam00000Uo32q,ActivityInsightAction_00Dam00000Uo32q,ECI_ECI_S3,,ECI,CONNECTORSFRAMEWORK,Other,ACTIVE,OK,True,SUCCESS,OK,2026-07-02T16:19:49.000Z,2932,0,0,ActivityInsightAction_00Dam00000Uo32q__dll,ACTIVE,,0,UPSERT,HOURLY,1dsam000000NFfxAAG
ActivityInsightActionDtl_00Dam00000Uo32q,ActivityInsightActionDtl_00Dam00000Uo32q,ECI_ECI_S3,,ECI,CONNECTORSFRAMEWORK,Other,ACTIVE,OK,True,SUCCESS,OK,2026-07-02T16:30:54.000Z,2928,0,0,ActivityInsightActionDtl_00Dam00000Uo32q__dll,ACTIVE,,0,UPSERT,HOURLY,1dsam000000NFfyAAG
ActivityInsightSubjctDtl_00Dam00000Uo32q,ActivityInsightSubjctDtl_00Dam00000Uo32q,ECI_ECI_S3,,ECI,CONNECTORSFRAMEWORK,Other,ACTIVE,OK,True,SUCCESS,OK,2026-07-02T16:26:22.000Z,0,0,0,ActivityInsightSubjctDtl_00Dam00000Uo32q__dll,ACTIVE,,0,UPSERT,HOURLY,1dsam000000NFfwAAG
ActivityInsightSubject_00Dam00000Uo32q,ActivityInsightSubject_00Dam00000Uo32q,ECI_ECI_S3,,ECI,CONNECTORSFRAMEWORK,Other,ACTIVE,OK,True,SUCCESS,OK,2026-07-02T16:14:55.000Z,0,0,0,ActivityInsightSubject_00Dam00000Uo32q__dll,ACTIVE,,0,UPSERT,HOURLY,1dsam000000NFfvAAG
AgentOpt_Tag_1A38A90B,AgentOpt-Tag,AgentOpt_dbb403b0_9256_4d62_91a5_84836f3b8067,,IngestApi,INGESTAPI,Other,ACTIVE,OK,True,SUCCESS,OK,2026-07-02T07:32:24.000Z,5,0,0,AgentOpt_Tag_1A38A90B__dll,ACTIVE,,0,UPSERT,,1dsam000000KHUYAA4
AgentOpt_Tag_Association_FEBD952C,AgentOpt-Tag Association,AgentOpt_dbb403b0_9256_4d62_91a5_84836f3b8067,,IngestApi,INGESTAPI,Engagement,ACTIVE,OK,True,SUCCESS,OK,2026-07-01T18:21:16.000Z,34,0,0,AgentOpt_Tag_Association_FEBD952C__dll,ACTIVE,,0,UPSERT,,1dsam000000NsKfAAK
AgentOpt_Tag_Def_1A38A908,AgentOpt-Tag Def,AgentOpt_dbb403b0_9256_4d62_91a5_84836f3b8067,,IngestApi,INGESTAPI,Other,ACTIVE,OK,True,SUCCESS,OK,2026-07-02T07:33:26.000Z,23,0,0,AgentOpt_Tag_Def_1A38A908__dll,ACTIVE,,0,UPSERT,,1dsam000000KHUXAA4
AgentOpt_Tag_Def_Association_1A38A90B,AgentOpt-Tag Def Association,AgentOpt_dbb403b0_9256_4d62_91a5_84836f3b8067,,IngestApi,INGESTAPI,Other,ACTIVE,OK,True,SUCCESS,OK,2026-07-02T08:20:13.000Z,44,0,0,AgentOpt_Tag_Def_Association_1A38A90B__dll,ACTIVE,,0,UPSERT,,1dsam000000KHUZAA4
AiAgentGenerativeAiUsage,AiAgentGenerativeAiUsage,AIPlatform_AGENT_USAGE,,AIPlatform,CONNECTORSFRAMEWORK,Engagement,ACTIVE,OK,True,SUCCESS,OK,2026-07-02T16:41:03.000Z,4253,0,0,AiAgentGenerativeAiUsage__dll,ACTIVE,,0,UPSERT,MINUTES_5,1dsam000000PAqbAAG
AiAgentInteraction,AiAgentInteraction,AIPlatform_AGENT_SESSION_TRACING,,AIPlatform,CONNECTORSFRAMEWORK,Engagement,ACTIVE,OK,True,SUCCESS,OK,2026-07-02T16:49:45.000Z,1883,0,0,AiAgentInteraction__dll,ACTIVE,,0,UPSERT,MINUTES_5,1dsam000000K5BeAAK
AiAgentInteractionMessage,AiAgentInteractionMessage,AIPlatform_AGENT_SESSION_TRACING,,AIPlatform,CONNECTORSFRAMEWORK,Engagement,ACTIVE,OK,True,SUCCESS,OK,2026-07-02T16:46:17.000Z,3937,0,0,AiAgentInteractionMessage__dll,ACTIVE,,0,UPSERT,MINUTES_5,1dsam000000K5BgAAK
AiAgentInteractionStep,AiAgentInteractionStep,AIPlatform_AGENT_SESSION_TRACING,,AIPlatform,CONNECTORSFRAMEWORK,Profile,ACTIVE,OK,True,SUCCESS,OK,2026-07-02T16:51:25.000Z,8551,0,0,AiAgentInteractionStep__dll,ACTIVE,,0,UPSERT,MINUTES_5,1dsam000000K5BhAAK
AiAgentMessageAttachmentBridge,AiAgentMessageAttachmentBridge,AIPlatform_AGENT_SESSION_TRACING,,AIPlatform,CONNECTORSFRAMEWORK,Engagement,ACTIVE,OK,True,SUCCESS,OK,2026-07-02T16:52:08.000Z,0,0,0,AiAgentMessageAttachmentBridge__dll,ACTIVE,,0,UPSERT,MINUTES_5,1dsam000000LHXJAA4
AiAgentSession,AiAgentSession,AIPlatform_AGENT_SESSION_TRACING,,AIPlatform,CONNECTORSFRAMEWORK,Profile,ACTIVE,OK,True,SUCCESS,OK,2026-07-02T16:45:21.000Z,1951,0,0,AiAgentSession__dll,ACTIVE,,0,UPSERT,MINUTES_5,1dsam000000K5BdAAK
AiAgentSessionAttachmentBridge,AiAgentSessionAttachmentBridge,AIPlatform_AGENT_SESSION_TRACING,,AIPlatform,CONNECTORSFRAMEWORK,Engagement,ACTIVE,OK,True,SUCCESS,OK,2026-07-02T16:52:27.000Z,0,0,0,AiAgentSessionAttachmentBridge__dll,ACTIVE,,0,UPSERT,MINUTES_5,1dsam000000LHXKAA4
AiAgentSessionLog,AiAgentSessionLog,AIPlatform_AGENT_SESSION_TRACING,,AIPlatform,CONNECTORSFRAMEWORK,Engagement,ACTIVE,OK,True,SUCCESS,OK,2026-07-02T16:53:43.000Z,0,0,0,AiAgentSessionLog__dll,ACTIVE,,0,UPSERT,MINUTES_5,1dsam000000PT5FAAW
AiAgentSessionParticipant,AiAgentSessionParticipant,AIPlatform_AGENT_SESSION_TRACING,,AIPlatform,CONNECTORSFRAMEWORK,Engagement,ACTIVE,OK,True,SUCCESS,OK,2026-07-02T16:45:19.000Z,4947,0,0,AiAgentSessionParticipant__dll,ACTIVE,,0,UPSERT,MINUTES_5,1dsam000000K5BfAAK
AiAgentTagDefAssoc_Home,AiAgentTagDefAssoc_Home,SalesforceDotCom_Home,AiAgentTagDefAssoc,SalesforceDotCom,SFDC_PACKAGE_KIT,Other,ACTIVE,OK,True,SUCCESS,OK,2026-07-02T16:50:36.000Z,16,0,0,AiAgentTagDefAssoc_Home__dll,ACTIVE,ssot__AiAgentTagDefinitionAssociation__dlm,1,UPSERT,BATCH,1dsam000000NsMJAA0
AiGroundingFileRef_Home,AiGroundingFileRef_Home,SalesforceDotCom_Home,AiGroundingFileRef,SalesforceDotCom,SFDC,Other,ACTIVE,OK,True,SUCCESS,OK,2026-05-29T14:10:41.000Z,116,116,117,AiGroundingFileRef_Home__dll,ACTIVE,AiGroundingFileRefCustom__dlm,1,UPSERT,,1dsam000000IBwHAAW
AIRetrieverRequest,AIRetrieverRequest,AIPlatform_RAG_QUALITY_MONITORING_GA,,AIPlatform,CONNECTORSFRAMEWORK,Engagement,ACTIVE,OK,True,SUCCESS,OK,2026-07-02T16:49:39.000Z,1,0,0,AIRetrieverRequest__dll,ACTIVE,,0,UPSERT,MINUTES_5,1dsam000000PY89AAG
AIRetrieverResponse,AIRetrieverResponse,AIPlatform_RAG_QUALITY_MONITORING_GA,,AIPlatform,CONNECTORSFRAMEWORK,Engagement,ACTIVE,OK,True,SUCCESS,OK,2026-07-02T16:45:14.000Z,20,0,0,AIRetrieverResponse__dll,ACTIVE,,0,UPSERT,MINUTES_5,1dsam000000PY8AAAW
AiTagDefinition_Home,AiTagDefinition_Home,SalesforceDotCom_Home,AiTagDefinition,SalesforceDotCom,SFDC_PACKAGE_KIT,Other,ACTIVE,OK,True,SUCCESS,OK,2026-07-02T16:50:36.000Z,16,0,0,AiTagDefinition_Home__dll,ACTIVE,ssot__AiAgentTagDefinition__dlm,1,UPSERT,BATCH,1dsam000000NsMIAA0
AiTagValue_Home,AiTagValue_Home,SalesforceDotCom_Home,AiTagValue,SalesforceDotCom,SFDC_PACKAGE_KIT,Other,ACTIVE,OK,True,SUCCESS,OK,2026-07-02T16:50:36.000Z,72,0,0,AiTagValue_Home__dll,ACTIVE,ssot__AiAgentTag__dlm,1,UPSERT,BATCH,1dsam000000NsMHAA0
Alert,Alert,SalesforceDotCom_Home,FinServ__Alert__c,SalesforceDotCom,SFDC,Profile,ACTIVE,OK,True,SUCCESS,OK,2026-05-26T15:22:40.000Z,0,0,0,Alert__dll,ACTIVE,ssot__RecordAlert__dlm,1,UPSERT,,1dsam000000A3ZJAA0
ApiAnomalyEvent_Salesforce_Platform_Even,ApiAnomalyEvent Salesforce Platform Even,Salesforce_Platform_Events,,EventBusConnector,CONNECTORSFRAMEWORK,Engagement,ACTIVE,OK,True,SUCCESS,OK,2026-07-02T16:36:03.000Z,86,0,0,ApiAnomalyEvent_Salesforce_Platform_Even__dll,ACTIVE,,0,INCREMENTAL,HOURLY,1dsam000000IYT3AAO
ApiEventStream_Salesforce_Platform_Event,ApiEventStream Salesforce Platform Event,Salesforce_Platform_Events,,EventBusConnector,CONNECTORSFRAMEWORK,Engagement,ACTIVE,OK,True,SUCCESS,OK,2026-07-02T16:32:29.000Z,96843,1,3,ApiEventStream_Salesforce_Platform_Event__dll,ACTIVE,,0,INCREMENTAL,HOURLY,1dsam000000IYEXAA4
asset_Databricks,asset_Databricks,Databricks_Databricks,,Databricks,EXTERNAL,Profile,ACTIVE,OK,True,NONE,WARN,,2,,,asset_Databricks__dll,ACTIVE,,0,TOTAL_REPLACE,,1dsam000000PXdVAAW
Attrition_Inputs_Snowflake,Attrition_Inputs_Snowflake,Jedi_Snowflake,,SNOWFLAKE,EXTERNAL,Profile,ACTIVE,OK,True,SUCCESS,OK,,741,,,Attrition_Inputs_Snowflake__dll,ACTIVE,Attrition_Inputs_Snowflake__dlm,1,TOTAL_REPLACE,,1dsam000000BUNlAAO
bank_churners_jl_Databricks,bank_churners_jl_Databricks,Databricks,,Databricks,EXTERNAL,Profile,ACTIVE,OK,True,SUCCESS,OK,,11256,,,bank_churners_jl_Databricks__dll,ACTIVE,Bank_Churner__dlm,1,TOTAL_REPLACE,,1dsam000000MmvdAAC
BotDefinition_Home,BotDefinition_Home,SalesforceDotCom_Home,BotDefinition,SalesforceDotCom,SFDC,Other,ACTIVE,OK,True,SUCCESS,OK,2025-12-31T17:05:37.000Z,16,0,0,BotDefinition_Home__dll,ACTIVE,BotDefinition_Home__dlm; ssot__Bot__dlm,2,UPSERT,,1dsam000000I901AAC
BotVersion_Home,BotVersion_Home,SalesforceDotCom_Home,BotVersion,SalesforceDotCom,SFDC,Other,ACTIVE,OK,True,SUCCESS,OK,2025-12-31T18:00:36.000Z,17,0,0,BotVersion_Home__dll,ACTIVE,BotVersion_Home__dlm; ssot__BotVersion__dlm,2,UPSERT,,1dsam000000IiDtAAK
BulkApiResultEvent_Salesforce_Platform_E,BulkApiResultEvent Salesforce Platform E,Salesforce_Platform_Events,,EventBusConnector,CONNECTORSFRAMEWORK,Engagement,ACTIVE,OK,True,SUCCESS,OK,2026-07-02T16:26:42.000Z,1,0,0,BulkApiResultEvent_Salesforce_Platform_E__dll,ACTIVE,,0,INCREMENTAL,HOURLY,1dsam000000IYG9AAO
BulkMessage_Home,BulkMessage_Home,SalesforceDotCom_Home,BulkMessage,SalesforceDotCom,SFDC_PACKAGE_KIT,Other,ACTIVE,OK,True,SUCCESS,OK,2026-07-02T16:50:37.000Z,0,0,0,BulkMessage_Home__dll,ACTIVE,ssot__BulkMessage__dlm,1,UPSERT,BATCH,1dsam000000KLbNAAW
BUSINESS_PRODUCT_RECOMMENDATION,BUSINESS_PRODUCT_RECOMMENDATION,Jedi_Snowflake,,SNOWFLAKE,EXTERNAL,Other,ACTIVE,OK,True,SUCCESS,OK,,3500,,,BUSINESS_PRODUCT_RECOMMENDATION__dll,ACTIVE,BUSINESS_PRODUCT_RECOMMENDATION__dlm,1,TOTAL_REPLACE,,1dsam000000O4SHAA0
BUSINESS_PRODUCT_RECOMMENDATION_INPUTS,BUSINESS_PRODUCT_RECOMMENDATION_INPUTS,Jedi_Snowflake,,SNOWFLAKE,EXTERNAL,Other,ACTIVE,OK,True,SUCCESS,OK,,4240,,,BUSINESS_PRODUCT_RECOMMENDATION_INPUTS__dll,ACTIVE,BUSINESS_PRODUCT_RECOMMENDATION_INPU__dlm,1,TOTAL_REPLACE,,1dsam000000O4leAAC
Campaign_Home,Campaign_Home,SalesforceDotCom_Home,Campaign,SalesforceDotCom,SFDC_PACKAGE_KIT,Other,ACTIVE,OK,True,SUCCESS,OK,2026-06-15T05:16:05.000Z,38,38,39,Campaign_Home__dll,ACTIVE,ssot__Campaign__dlm,1,UPSERT,STREAMING,1dsam000000KLd6AAG
CampaignMember_Home,CampaignMember_Home,SalesforceDotCom_Home,CampaignMember,SalesforceDotCom,SFDC_PACKAGE_KIT,Profile,ACTIVE,OK,True,SUCCESS,OK,2026-07-02T16:50:36.000Z,57872,0,0,CampaignMember_Home__dll,ACTIVE,ssot__CampaignMember__dlm,1,UPSERT,BATCH,1dsam000000KLd0AAG
Card,Card,SalesforceDotCom_Home,FinServ__Card__c,SalesforceDotCom,SFDC,Profile,ACTIVE,OK,True,SUCCESS,OK,2026-05-26T15:21:33.000Z,185,185,186,Card__dll,ACTIVE,ssot__PaymentCard__dlm,1,UPSERT,,1dsam000000A3cXAAS
Case,Case,SalesforceDotCom_Home,Case,SalesforceDotCom,SFDC,Engagement,ACTIVE,OK,True,SUCCESS,OK,2026-05-26T15:11:55.000Z,10817,10817,10818,Case__dll,ACTIVE,ssot__Case__dlm,1,UPSERT,,1dsam000000A5EXAA0
Case_DCCDO1,Case_DCCDO1,SalesforceDotCom_DCCDO1,Case,SalesforceDotCom,SFDC,Engagement,ACTIVE,OK,True,SUCCESS,OK,2025-12-31T17:05:39.000Z,102,0,0,Case_DCCDO1__dll,ACTIVE,ssot__Case__dlm,1,UPSERT,,1dsam000000ARjhAAG
Case_FinsDC1,Case_FinsDC1,SalesforceDotCom_FinsDC1,Case,SalesforceDotCom,SFDC,Engagement,ACTIVE,OK,True,SUCCESS,OK,2025-12-31T17:05:39.000Z,157,0,0,Case_FinsDC1__dll,ACTIVE,ssot__Case__dlm,1,UPSERT,,1dsam000000ARWnAAO
Case_FinsDC4,Case_FinsDC4,SalesforceDotCom_FinsDC4,Case,SalesforceDotCom,SFDC,Engagement,ACTIVE,OK,True,SUCCESS,OK,2025-12-31T17:05:39.000Z,154,0,0,Case_FinsDC4__dll,ACTIVE,ssot__Case__dlm,1,UPSERT,,1dsam000000GmDZAA0
CaseArticle_Home,CaseArticle_Home,SalesforceDotCom_Home,CaseArticle,SalesforceDotCom,SFDC_PACKAGE_KIT,Other,ACTIVE,OK,True,SUCCESS,OK,2025-12-31T18:00:37.000Z,13,0,0,CaseArticle_Home__dll,ACTIVE,ssot__LinkedKnowledgeArticle__dlm,1,UPSERT,,1dsam000000IX3zAAG
Churn_Training_Data,Churn_Training_Data,Databricks,,Databricks,EXTERNAL,Other,ACTIVE,OK,True,SUCCESS,OK,,500,,,Churn_Training_Data__dll,ACTIVE,Churn_Training_Data__dlm,1,TOTAL_REPLACE,,1dsam000000K90jAAC
Claim_Snowflake_InsAFDC,Claim_Snowflake_InsAFDC,Jedi_Snowflake,,SNOWFLAKE,EXTERNAL,Engagement,ACTIVE,OK,True,SUCCESS,OK,,5,,,Claim_Snowflake_InsAFDC__dll,ACTIVE,Claim_Snowflake_InsAFDC__dlm; ins_Claim_Snowflake_InsAFDC__dlm,2,TOTAL_REPLACE,,1dsam000000Km0TAAS
claims_Databricks,claims_Databricks,Databricks_Databricks,,Databricks,EXTERNAL,Profile,ACTIVE,OK,True,NONE,WARN,,1000000,,,claims_Databricks__dll,ACTIVE,,0,TOTAL_REPLACE,,1dsam000000PXLlAAO
Clean_Room_Customer_Data,Clean Room Customer Data,UploadedFiles,,UploadedFiles,CONNECTORSFRAMEWORK,Profile,ACTIVE,OK,True,SUCCESS,OK,2026-02-10T09:05:16.000Z,100000,100000,100000,Clean_Room_Customer_Data__dll,ACTIVE,,0,TOTAL_REPLACE,,1dsam000000N55RAAS
Clean_Room_Engagement_Data,Clean Room Engagement Data,UploadedFiles,,UploadedFiles,CONNECTORSFRAMEWORK,Engagement,ACTIVE,OK,True,SUCCESS,OK,2026-02-10T11:04:43.000Z,200000,200000,200000,Clean_Room_Engagement_Data__dll,ACTIVE,,0,TOTAL_REPLACE,,1dsam000000N5DVAA0
Clean_Rooms_Advertising_Data,Clean Rooms Advertising Data,UploadedFiles,,UploadedFiles,CONNECTORSFRAMEWORK,Engagement,ACTIVE,OK,True,SUCCESS,OK,2026-02-10T11:31:38.000Z,300000,300000,300000,Clean_Rooms_Advertising_Data__dll,ACTIVE,ssot__WebsiteEngagement__dlm,1,TOTAL_REPLACE,,1dsam000000N5GjAAK
Cloned_Transactions,Cloned_Transactions,Jedi_Snowflake,,SNOWFLAKE,EXTERNAL,Other,ACTIVE,OK,True,SUCCESS,OK,,8748,,,Cloned_Transactions__dll,ACTIVE,,0,TOTAL_REPLACE,,1dsam000000IS7VAAW
CollaborationGroup_Home,CollaborationGroup_Home,SalesforceDotCom_Home,CollaborationGroup,SalesforceDotCom,SFDC,Other,ACTIVE,OK,True,SUCCESS,OK,2026-07-02T16:50:36.000Z,0,0,0,CollaborationGroup_Home__dll,ACTIVE,,0,UPSERT,BATCH,1dsam000000KXBAAA4
CollaborationGroupMember_Home,CollaborationGroupMember_Home,SalesforceDotCom_Home,CollaborationGroupMember,SalesforceDotCom,SFDC,Other,ACTIVE,OK,True,SUCCESS,OK,2026-07-02T16:50:36.000Z,46,0,0,CollaborationGroupMember_Home__dll,ACTIVE,,0,UPSERT,BATCH,1dsam000000KXB9AAO
CollaborationGroupRecord_Home,CollaborationGroupRecord_Home,SalesforceDotCom_Home,CollaborationGroupRecord,SalesforceDotCom,SFDC,Other,ACTIVE,OK,True,SUCCESS,OK,2026-07-02T16:50:36.000Z,0,0,0,CollaborationGroupRecord_Home__dll,ACTIVE,,0,UPSERT,BATCH,1dsam000000KXB7AAO
CommSubscription_Home,CommSubscription_Home,SalesforceDotCom_Home,CommSubscription,SalesforceDotCom,SFDC_PACKAGE_KIT,Other,ACTIVE,OK,True,SUCCESS,OK,2026-06-15T14:20:54.000Z,2,2,3,CommSubscription_Home__dll,ACTIVE,ssot__CommunicationSubscription__dlm,1,UPSERT,STREAMING,1dsam000000KLd5AAG
CommSubscriptionChannelType_Home,CommSubscriptionChannelType_Home,SalesforceDotCom_Home,CommSubscriptionChannelType,SalesforceDotCom,SFDC_PACKAGE_KIT,Other,ACTIVE,OK,True,SUCCESS,OK,2026-06-30T07:10:51.000Z,3,3,4,CommSubscriptionChannelType_Home__dll,ACTIVE,ssot__CommunicationSubscriptionChannelType__dlm,1,UPSERT,STREAMING,1dsam000000KLczAAG
ConsentAuditTrailV2_ConsentAuditTrail_2EBB2A3F,ConsentAuditTrailV2-ConsentAuditTrail,ConsentAuditTrailV2_25a9a01e_d548_43c4_b427_ea5e5b5fd906,,IngestApi,INGESTAPI,Other,ACTIVE,OK,True,SUCCESS,OK,2025-09-09T16:28:01.000Z,0,0,0,ConsentAuditTrailV2_ConsentAudi_2EBB2A3F__dll,ACTIVE,,0,UPSERT,,1dsam000000KLjRAAW
contact_202401_Databricks,contact_202401_Databricks,Databricks_Databricks,,Databricks,EXTERNAL,Profile,ACTIVE,OK,True,NONE,WARN,,3,,,contact_202401_Databricks__dll,ACTIVE,,0,TOTAL_REPLACE,,1dsam000000PXSDAA4
contact_202402_Databricks,contact_202402_Databricks,Databricks_Databricks,,Databricks,EXTERNAL,Profile,ACTIVE,OK,True,NONE,WARN,,3,,,contact_202402_Databricks__dll,ACTIVE,,0,TOTAL_REPLACE,,1dsam000000PXIXAA4
contact_202403_Databricks,contact_202403_Databricks,Databricks_Databricks,,Databricks,EXTERNAL,Profile,ACTIVE,OK,True,NONE,WARN,,3,,,contact_202403_Databricks__dll,ACTIVE,,0,TOTAL_REPLACE,,1dsam000000PXK9AAO
contact_202404_Databricks,contact_202404_Databricks,Databricks_Databricks,,Databricks,EXTERNAL,Profile,ACTIVE,OK,True,NONE,WARN,,3,,,contact_202404_Databricks__dll,ACTIVE,,0,TOTAL_REPLACE,,1dsam000000PXOzAAO
contact_202405_Databricks,contact_202405_Databricks,Databricks_Databricks,,Databricks,EXTERNAL,Profile,ACTIVE,OK,True,NONE,WARN,,3,,,contact_202405_Databricks__dll,ACTIVE,,0,TOTAL_REPLACE,,1dsam000000PXNNAA4
contact_202406_Databricks,contact_202406_Databricks,Databricks_Databricks,,Databricks,EXTERNAL,Profile,ACTIVE,OK,True,NONE,WARN,,3,,,contact_202406_Databricks__dll,ACTIVE,,0,TOTAL_REPLACE,,1dsam000000PXQbAAO
contact_202407_Databricks,contact_202407_Databricks,Databricks_Databricks,,Databricks,EXTERNAL,Profile,ACTIVE,OK,True,NONE,WARN,,3,,,contact_202407_Databricks__dll,ACTIVE,,0,TOTAL_REPLACE,,1dsam000000PXTpAAO
contact_202408_Databricks,contact_202408_Databricks,Databricks_Databricks,,Databricks,EXTERNAL,Profile,ACTIVE,OK,True,NONE,WARN,,3,,,contact_202408_Databricks__dll,ACTIVE,,0,TOTAL_REPLACE,,1dsam000000PXVRAA4
contact_202409_Databricks,contact_202409_Databricks,Databricks_Databricks,,Databricks,EXTERNAL,Profile,ACTIVE,OK,True,NONE,WARN,,3,,,contact_202409_Databricks__dll,ACTIVE,,0,TOTAL_REPLACE,,1dsam000000PXX3AAO
contact_202410_Databricks,contact_202410_Databricks,Databricks_Databricks,,Databricks,EXTERNAL,Profile,ACTIVE,OK,True,NONE,WARN,,3,,,contact_202410_Databricks__dll,ACTIVE,,0,TOTAL_REPLACE,,1dsam000000PXYgAAO
contact_202411_Databricks,contact_202411_Databricks,Databricks_Databricks,,Databricks,EXTERNAL,Profile,ACTIVE,OK,True,NONE,WARN,,3,,,contact_202411_Databricks__dll,ACTIVE,,0,TOTAL_REPLACE,,1dsam000000PXaHAAW
contact_202412_Databricks,contact_202412_Databricks,Databricks_Databricks,,Databricks,EXTERNAL,Profile,ACTIVE,OK,True,NONE,WARN,,3,,,contact_202412_Databricks__dll,ACTIVE,,0,TOTAL_REPLACE,,1dsam000000PXbtAAG
contact_Databricks,contact_Databricks,Databricks_Databricks,,Databricks,EXTERNAL,Profile,ACTIVE,OK,True,NONE,WARN,,3,,,contact_Databricks__dll,ACTIVE,,0,TOTAL_REPLACE,,1dsam000000PXGvAAO
Contact_Home,Contact,SalesforceDotCom_Home,Contact,SalesforceDotCom,SFDC,Profile,ACTIVE,OK,True,SUCCESS,OK,2026-05-26T16:33:18.000Z,25728,25728,25729,Contact_Home__dll,ACTIVE,ssot__AccountContact__dlm; ssot__ContactPointAddress__dlm; ssot__ContactPointEmail__dlm; ssot__ContactPointPhone__dlm; ssot__Individual__dlm,5,UPSERT,,1dsam0000009GFFAA2
Contact_InsuranceAFDC,Contact_InsuranceAFDC,SalesforceDotCom_InsuranceAFDC,Contact,SalesforceDotCom,SFDC_PACKAGE_KIT,Profile,ACTIVE,OK,True,SUCCESS,OK,2026-07-02T16:50:37.000Z,251,0,0,Contact_InsuranceAFDC__dll,ACTIVE,ssot__AccountContact__dlm; ssot__ContactPointAddress__dlm; ssot__ContactPointEmail__dlm; ssot__ContactPointPhone__dlm; ssot__Individual__dlm,5,UPSERT,BATCH,1dsam000000KldtAAC
ContentDocument,ContentDocument,SalesforceDotCom_Home,ContentDocument,SalesforceDotCom,SFDC,Other,ACTIVE,OK,True,SUCCESS,OK,2025-12-31T18:00:37.000Z,435,0,0,ContentDocument__dll,ACTIVE,ssot__ContentDocument__dlm,1,UPSERT,,1dsam000000IWxVAAW
ContentDocumentLink,ContentDocumentLink,SalesforceDotCom_Home,ContentDocumentLink,SalesforceDotCom,SFDC,Other,ACTIVE,OK,True,SUCCESS,OK,2025-12-31T18:00:36.000Z,857,0,0,ContentDocumentLink__dll,ACTIVE,ssot__ContentDocumentRelationship__dlm,1,UPSERT,,1dsam000000IWz7AAG
ContentVersion,ContentVersion,SalesforceDotCom_Home,ContentVersion,SalesforceDotCom,SFDC,Directory_Table,ACTIVE,OK,True,SUCCESS,OK,2025-12-31T18:00:37.000Z,7,0,0,ContentVersion__dll,ACTIVE,ssot__ContentDocumentVersion__dlm,1,UPSERT,,1dsam000000IX0jAAG
ConversationDefinitionSession_Home,ConversationDefinitionSession_Home,SalesforceDotCom_Home,ConversationDefinitionSession,SalesforceDotCom,SFDC,Other,ACTIVE,OK,True,SUCCESS,OK,2025-12-31T17:05:37.000Z,1128,0,0,ConversationDefinitionSession_Home__dll,ACTIVE,,0,UPSERT,,1dsam000000I905AAC
ConvTranscriptEntry_00Dam00000Uo32q,ConvTranscriptEntry_00Dam00000Uo32q,ECI_ECI_S3,,ECI,CONNECTORSFRAMEWORK,Engagement,ACTIVE,OK,True,SUCCESS,OK,2026-07-02T16:12:04.000Z,0,0,0,ConvTranscriptEntry_00Dam00000Uo32q__dll,ACTIVE,,0,UPSERT,HOURLY,1dsam000000NFftAAG
CSAT,CSAT,Heroku_Postgres,,HerokuPostgres,CONNECTORSFRAMEWORK,Other,ACTIVE,OK,True,SUCCESS,OK,2026-02-12T17:22:06.000Z,2023,0,2023,CSAT__dll,ACTIVE,,0,INCREMENTAL,,1dsam000000GvVNAA0
csat_nps_data_Databricks,csat_nps_data_Databricks,Databricks,,Databricks,EXTERNAL,Profile,ACTIVE,OK,True,NONE,WARN,,10,,,csat_nps_data_Databricks__dll,ACTIVE,,0,TOTAL_REPLACE,,1dsam000000PNZJAA4
CSAT_Prediction_Input,CSAT Prediction Input,Heroku_Postgres,,HerokuPostgres,CONNECTORSFRAMEWORK,Other,ACTIVE,OK,True,SUCCESS,OK,2026-03-26T16:26:49.000Z,2,2,2,CSAT_Prediction_Input__dll,ACTIVE,CSAT_Prediction_Input__dlm,1,TOTAL_REPLACE,,1dsam000000IN4bAAG
CSAT_Prediction_Training,CSAT Prediction Training,Heroku_Postgres,,HerokuPostgres,CONNECTORSFRAMEWORK,Other,ACTIVE,OK,True,SUCCESS,OK,2026-02-12T17:24:26.000Z,5000,5000,5000,CSAT_Prediction_Training__dll,ACTIVE,,0,TOTAL_REPLACE,,1dsam000000IMzlAAG
CSAT_Snowflake,CSAT_Snowflake,Jedi_Snowflake,,SNOWFLAKE,EXTERNAL,Other,ACTIVE,OK,True,SUCCESS,OK,2026-04-22T21:07:19.000Z,28899,28899,28899,CSAT_Snowflake__dll,ACTIVE,CSAT_Snowflake__dlm,1,TOTAL_REPLACE,,1dsam000000OdEjAAK
CumulusBoardExExecIntel,Cumulus BoardEx Exec Intel,Jedi_Snowflake,,SNOWFLAKE,EXTERNAL,Profile,ACTIVE,OK,True,NONE,WARN,,957141,,,CumulusBoardExExecIntel__dll,ACTIVE,CumulusBoardExExecIntel__dlm,1,TOTAL_REPLACE,,1dsam000000PFezAAG
CumulusClaritasDemographics,Cumulus Claritas Demographics,Jedi_Snowflake,,SNOWFLAKE,EXTERNAL,Profile,ACTIVE,OK,True,SUCCESS,OK,,76272,,,CumulusClaritasDemographics__dll,ACTIVE,CumulusClaritasDemographics__dlm,1,TOTAL_REPLACE,,1dsam000000PFBxAAO
CumulusCoreLogicProperty,Cumulus CoreLogic Property,Jedi_Snowflake,,SNOWFLAKE,EXTERNAL,Profile,ACTIVE,OK,True,NONE,WARN,,50848,,,CumulusCoreLogicProperty__dll,ACTIVE,CumulusCoreLogicProperty__dlm,1,TOTAL_REPLACE,,1dsam000000PFThAAO
CumulusDnBBusinessCredit,Cumulus DnB Business Credit,Jedi_Snowflake,,SNOWFLAKE,EXTERNAL,Profile,ACTIVE,OK,True,SUCCESS,OK,,34170,,,CumulusDnBBusinessCredit__dll,ACTIVE,CumulusDnBBusinessCredit__dlm,1,TOTAL_REPLACE,,1dsam000000PFQTAA4
CumulusEsriGeoFootprint,Cumulus Esri Geo Footprint,Jedi_Snowflake,,SNOWFLAKE,EXTERNAL,Profile,ACTIVE,OK,True,NONE,WARN,,39981,,,CumulusEsriGeoFootprint__dll,ACTIVE,CumulusEsriGeoFootprint__dlm,1,TOTAL_REPLACE,,1dsam000000PFS5AAO
CumulusGongCallSentiment,Cumulus Gong Call Sentiment,Jedi_Snowflake,,SNOWFLAKE,EXTERNAL,Profile,ACTIVE,OK,True,NONE,WARN,,1067585,,,CumulusGongCallSentiment__dll,ACTIVE,CumulusGongCallSentiment__dlm,1,TOTAL_REPLACE,,1dsam000000PFofAAG
CumulusGTM_Behavioral_Events_DD359D25,CumulusGTM-Behavioral Events DD359D25,CumulusGTM_16aa45b3_29dd_4ac7_99a0_512fbf6cb477,,StreamingApp,EVENTS,Engagement,ACTIVE,OK,True,SUCCESS,OK,2025-12-02T04:32:11.000Z,0,0,0,CumulusGTM_Behavioral_Events_DD359D25__dll,ACTIVE,ssot__WebsiteEngagement__dlm,1,INCREMENTAL,,1dsam000000Lv4vAAC
CumulusGTM_identity_DD362998,CumulusGTM-identity DD362998,CumulusGTM_16aa45b3_29dd_4ac7_99a0_512fbf6cb477,,StreamingApp,EVENTS,Profile,ACTIVE,OK,True,SUCCESS,OK,2025-12-02T04:32:55.000Z,0,0,0,CumulusGTM_identity_DD362998__dll,ACTIVE,,0,PARTIAL_UPDATE,,1dsam000000Lv4wAAC
CumulusGTM_partyIdentification_DD365FAB,CumulusGTM-partyIdentification DD365FAB,CumulusGTM_16aa45b3_29dd_4ac7_99a0_512fbf6cb477,,StreamingApp,EVENTS,Profile,ACTIVE,OK,True,SUCCESS,OK,2025-12-02T04:31:42.000Z,0,0,0,CumulusGTM_partyIdentification_DD365FAB__dll,ACTIVE,,0,PARTIAL_UPDATE,,1dsam000000Lv4xAAC
CumulusMgpFinancialPlans,Cumulus MGP Financial Plans,Jedi_Snowflake,,SNOWFLAKE,EXTERNAL,Profile,ACTIVE,OK,True,NONE,WARN,,957141,,,CumulusMgpFinancialPlans__dll,ACTIVE,CumulusMgpFinancialPlans__dlm,1,TOTAL_REPLACE,,1dsam000000PFYXAA4
CumulusMoodysMarketContext,Cumulus Moodys Market Context,Jedi_Snowflake,,SNOWFLAKE,EXTERNAL,Profile,ACTIVE,OK,True,NONE,WARN,,1412293,,,CumulusMoodysMarketContext__dll,ACTIVE,CumulusMoodysMarketContext__dlm,1,TOTAL_REPLACE,,1dsam000000PFrtAAG
CumulusMSCIESG,Cumulus MSCI ESG,Jedi_Snowflake,,SNOWFLAKE,EXTERNAL,Profile,ACTIVE,OK,True,SUCCESS,OK,,34170,,,CumulusMSCIESG__dll,ACTIVE,CumulusMSCIESG__dlm,1,TOTAL_REPLACE,,1dsam000000PFOrAAO
CumulusPlaidHeldAway,Cumulus Plaid Held-Away,Jedi_Snowflake,,SNOWFLAKE,EXTERNAL,Profile,ACTIVE,OK,True,NONE,WARN,,165680,,,CumulusPlaidHeldAway__dll,ACTIVE,CumulusPlaidHeldAway__dlm,1,TOTAL_REPLACE,,1dsam000000PFVJAA4
CumulusSynthRelationshipGraph,Cumulus Synth Relationship Graph,Jedi_Snowflake,,SNOWFLAKE,EXTERNAL,Profile,ACTIVE,OK,True,NONE,WARN,,61769,,,CumulusSynthRelationshipGraph__dll,ACTIVE,CumulusSynthRelationshipGraph__dlm,1,TOTAL_REPLACE,,1dsam000000PFdNAAW
CumulusWebProfilesSQL,CumulusWebProfilesSQL,CumulusWebProfilesSQL,,HerokuPostgres,CONNECTORSFRAMEWORK,Profile,ACTIVE,OK,True,SUCCESS,OK,2025-12-31T21:59:50.000Z,5,0,0,CumulusWebProfilesSQL__dll,ACTIVE,,0,INCREMENTAL,,1dsam000000J1bVAAS
CumulusWebsite_Behavioral_Events_7F44305A,CumulusWebsite-Behavioral Events 7F44305A,CumulusWebsite_588805e2_2c6b_4305_82d4_7073937ae781,,StreamingApp,EVENTS,Engagement,ACTIVE,OK,True,SUCCESS,OK,2026-07-02T10:04:13.000Z,5848,0,0,CumulusWebsite_Behavioral_Event_7F44305A__dll,ACTIVE,,0,INCREMENTAL,,1dsam000000IyAcAAK
CumulusWebsite_Identity_E645A226,CumulusWebsite-Identity E645A226,CumulusWebsite_588805e2_2c6b_4305_82d4_7073937ae781,,StreamingApp,EVENTS,Profile,ACTIVE,OK,True,SUCCESS,OK,2026-07-02T10:01:25.000Z,40,0,0,CumulusWebsite_Identity_E645A226__dll,ACTIVE,,0,PARTIAL_UPDATE,,1dsam000000LyUDAA0
CumulusWebsite_userProfile_7F443081,CumulusWebsite-userProfile 7F443081,CumulusWebsite_588805e2_2c6b_4305_82d4_7073937ae781,,StreamingApp,EVENTS,Profile,ACTIVE,OK,True,SUCCESS,OK,2025-12-04T17:12:37.000Z,652,0,0,CumulusWebsite_userProfile_7F443081__dll,ACTIVE,,0,INCREMENTAL,,1dsam000000IyAbAAK
CumulusWorldCheckAml,Cumulus World-Check AML,Jedi_Snowflake,,SNOWFLAKE,EXTERNAL,Profile,ACTIVE,OK,True,NONE,WARN,,1325326,,,CumulusWorldCheckAml__dll,ACTIVE,CumulusWorldCheckAml__dlm,1,TOTAL_REPLACE,,1dsam000000PFWvAAO
CumulusZoomInfoFirmographics,Cumulus ZoomInfo Firmographics,Jedi_Snowflake,,SNOWFLAKE,EXTERNAL,Profile,ACTIVE,OK,True,NONE,WARN,,34170,,,CumulusZoomInfoFirmographics__dll,ACTIVE,CumulusZoomInfoFirmographics__dlm,1,TOTAL_REPLACE,,1dsam000000PFjpAAG
CurrencyType_DCCDO1,CurrencyType_DCCDO1,SalesforceDotCom_DCCDO1,CurrencyType,SalesforceDotCom,SFDC,Other,ACTIVE,OK,True,SUCCESS,OK,2026-01-01T12:29:29.000Z,1,1,2,CurrencyType_DCCDO1__dll,ACTIVE,,0,UPSERT,,1dsam000000GApqAAG
CurrencyType_FinsDC1,CurrencyType_FinsDC1,SalesforceDotCom_FinsDC1,CurrencyType,SalesforceDotCom,SFDC,Other,ACTIVE,OK,True,SUCCESS,OK,2025-12-31T17:05:36.000Z,1,0,0,CurrencyType_FinsDC1__dll,ACTIVE,,0,UPSERT,,1dsam000000GMfhAAG
CurrencyType_FinsDC4,CurrencyType_FinsDC4,SalesforceDotCom_FinsDC4,CurrencyType,SalesforceDotCom,SFDC,Other,ACTIVE,OK,True,SUCCESS,OK,2026-01-01T12:29:33.000Z,1,1,2,CurrencyType_FinsDC4__dll,ACTIVE,,0,UPSERT,,1dsam000000GMe5AAG
CurrencyType_Home,CurrencyType_Home,SalesforceDotCom_Home,CurrencyType,SalesforceDotCom,SFDC,Other,ACTIVE,OK,True,SUCCESS,OK,2025-12-31T17:05:36.000Z,1,0,0,CurrencyType_Home__dll,ACTIVE,,0,UPSERT,,1dsam000000GAjPAAW
CurrencyType_InsuranceAFDC,CurrencyType_InsuranceAFDC,SalesforceDotCom_InsuranceAFDC,CurrencyType,SalesforceDotCom,SFDC,Other,ACTIVE,OK,True,SUCCESS,OK,2026-07-02T16:50:37.000Z,1,0,0,CurrencyType_InsuranceAFDC__dll,ACTIVE,,0,UPSERT,BATCH,1dsam000000KlUDAA0
Customer_Jedi_Azure_SQL,Customer Jedi_Azure_SQL,Jedi_Azure_SQL,,AzureSql,CONNECTORSFRAMEWORK,Profile,ACTIVE,OK,True,SUCCESS,OK,2026-03-26T17:48:31.000Z,847,847,847,Customer_Jedi_Azure_SQL__dll,ACTIVE,,0,TOTAL_REPLACE,,1dsam000000O2YXAA0
customer_test,customer_test,Jedi_Snowflake,,SNOWFLAKE,EXTERNAL,Profile,ACTIVE,OK,True,SUCCESS,OK,,50000,,,customer_test__dll,ACTIVE,,0,TOTAL_REPLACE,,1dsam000000JOrRAAW
Data_Masking,Data_Masking,Jedi_Snowflake,,SNOWFLAKE,EXTERNAL,Profile,ACTIVE,OK,True,SUCCESS,OK,,20,,,Data_Masking__dll,ACTIVE,Data_Masking__dlm,1,TOTAL_REPLACE,,1dsam000000JKJBAA4
Databricks_File_Federation_Sample,Databricks_File_Federation_Sample,Databricks_Open_Catalog,,DATABRICKS_UNITY,EXTERNAL,Engagement,ACTIVE,OK,True,NONE,WARN,,102,,,Databricks_File_Federation_Sample__dll,ACTIVE,Databricks_File_Federation_Sample__dlm,1,TOTAL_REPLACE,,1dsam000000IkNlAAK
DataCategory_Home,DataCategory_Home,SalesforceDotCom_Home,DataCategory,SalesforceDotCom,SFDC,Other,ACTIVE,OK,True,SUCCESS,OK,2025-12-31T17:05:37.000Z,30,0,0,DataCategory_Home__dll,ACTIVE,DataCategoryCustom__dlm; ssot__Category__dlm,2,UPSERT,,1dsam000000I5kQAAS
DataCategoryGroup_Home,DataCategoryGroup_Home,SalesforceDotCom_Home,DataCategoryGroup,SalesforceDotCom,SFDC,Other,ACTIVE,OK,True,SUCCESS,OK,2025-12-31T17:05:37.000Z,5,0,0,DataCategoryGroup_Home__dll,ACTIVE,DataCategoryGroupCustom__dlm; ssot__Category__dlm,2,UPSERT,,1dsam000000I5kRAAS
DataCleanRoom_Home,DataCleanRoom_Home,SalesforceDotCom_Home,DataCleanRoom,SalesforceDotCom,SFDC,Other,ACTIVE,OK,True,SUCCESS,OK,2026-07-02T16:50:36.000Z,6,0,0,DataCleanRoom_Home__dll,ACTIVE,,0,UPSERT,BATCH,1dsam000000KSGSAA4
Dataforce_Car_Telematics,Dataforce_Car_Telematics,Jedi_Snowflake,,SNOWFLAKE,EXTERNAL,Engagement,ACTIVE,OK,True,SUCCESS,OK,2026-07-02T16:52:01.000Z,0,0,0,Dataforce_Car_Telematics__dll,ACTIVE,Dataforce_Car_Telematics__dlm,1,TOTAL_REPLACE,MINUTES_15,1dsam000000PP4rAAG
DataLakeObjectInstance_Home,DataLakeObjectInstance_Home,SalesforceDotCom_Home,DataLakeObjectInstance,SalesforceDotCom,SFDC,Other,ACTIVE,OK,True,SUCCESS,OK,2025-12-31T18:00:51.000Z,422,0,90,DataLakeObjectInstance_Home__dll,ACTIVE,,0,UPSERT,,1dsam000000IYpdAAG
DataLakeObjectInstanceFeed_Home,DataLakeObjectInstanceFeed_Home,SalesforceDotCom_Home,DataLakeObjectInstanceFeed,SalesforceDotCom,SFDC,Other,ACTIVE,OK,True,SUCCESS,OK,2026-07-02T16:50:37.000Z,0,0,0,DataLakeObjectInstanceFeed_Home__dll,ACTIVE,,0,UPSERT,BATCH,1dsam000000KSGMAA4
DataObjectAutoTaggingJob_Home,DataObjectAutoTaggingJob_Home,SalesforceDotCom_Home,DataObjectAutoTaggingJob,SalesforceDotCom,SFDC,Other,ACTIVE,OK,True,SUCCESS,OK,2026-07-02T16:50:36.000Z,433,0,0,DataObjectAutoTaggingJob_Home__dll,ACTIVE,,0,UPSERT,BATCH,1dsam000000KSGLAA4
DataObjectTagSuggestion_Home,DataObjectTagSuggestion_Home,SalesforceDotCom_Home,DataObjectTagSuggestion,SalesforceDotCom,SFDC,Other,ACTIVE,OK,True,SUCCESS,OK,2026-07-02T16:50:36.000Z,1191,0,0,DataObjectTagSuggestion_Home__dll,ACTIVE,,0,UPSERT,BATCH,1dsam000000KSGNAA4
DataPackageKitDefinition_Home,DataPackageKitDefinition_Home,SalesforceDotCom_Home,DataPackageKitDefinition,SalesforceDotCom,SFDC,Other,ACTIVE,OK,True,SUCCESS,OK,2026-07-02T16:50:36.000Z,17,0,0,DataPackageKitDefinition_Home__dll,ACTIVE,,0,UPSERT,BATCH,1dsam000000KSGJAA4
DataPackageKitObject_Home,DataPackageKitObject_Home,SalesforceDotCom_Home,DataPackageKitObject,SalesforceDotCom,SFDC,Other,ACTIVE,OK,True,SUCCESS,OK,2026-07-02T16:50:36.000Z,756,0,0,DataPackageKitObject_Home__dll,ACTIVE,,0,UPSERT,BATCH,1dsam000000KSGQAA4
DataSemanticSearch_Home,DataSemanticSearch_Home,SalesforceDotCom_Home,DataSemanticSearch,SalesforceDotCom,SFDC,Other,ACTIVE,OK,True,SUCCESS,OK,2026-07-02T16:50:36.000Z,33,0,0,DataSemanticSearch_Home__dll,ACTIVE,,0,UPSERT,BATCH,1dsam000000KSGTAA4
DataSrcDataModelFieldMap_Home,DataSrcDataModelFieldMap_Home,SalesforceDotCom_Home,DataSrcDataModelFieldMap,SalesforceDotCom,SFDC,Other,ERROR,WARN,True,FAILURE,FAIL,2025-07-05T09:06:11.000Z,3382,3382,3383,DataSrcDataModelFieldMap_Home__dll,ACTIVE,,0,UPSERT,,1dsam000000IYsrAAG
DataStream_Home,DataStream_Home,SalesforceDotCom_Home,DataStream,SalesforceDotCom,SFDC,Other,ACTIVE,OK,True,SUCCESS,OK,2025-12-31T18:00:50.000Z,284,0,90,DataStream_Home__dll,ACTIVE,,0,UPSERT,,1dsam000000IYknAAG
DataStreamDefinition_Home,DataStreamDefinition_Home,SalesforceDotCom_Home,DataStreamDefinition,SalesforceDotCom,SFDC,Other,ACTIVE,OK,True,SUCCESS,OK,2025-12-31T18:00:36.000Z,292,0,0,DataStreamDefinition_Home__dll,ACTIVE,,0,UPSERT,,1dsam000000IYmPAAW
DataStreamFeed_Home,DataStreamFeed_Home,SalesforceDotCom_Home,DataStreamFeed,SalesforceDotCom,SFDC,Other,ACTIVE,OK,True,SUCCESS,OK,2025-12-31T18:00:36.000Z,0,0,0,DataStreamFeed_Home__dll,ACTIVE,,0,UPSERT,,1dsam000000IYo1AAG
DC_UnifiedssotIndividualIr1,DC_UnifiedssotIndividualIr1,DC_MEMBERS_DATA_SHARE_JDO,,DATACLOUD,EXTERNAL,Profile,ACTIVE,OK,True,NONE,WARN,,10000159,,,DC_UnifiedssotIndividualIr1__dll,ACTIVE,SRDO_Unified_Members__dlm,1,TOTAL_REPLACE,,1dsam000000MJiLAAW
Deposits,Deposits,Heroku_Postgres,,HerokuPostgres,CONNECTORSFRAMEWORK,Other,ACTIVE,OK,True,SUCCESS,OK,2026-02-12T17:24:15.000Z,168,0,168,Deposits__dll,ACTIVE,,0,INCREMENTAL,,1dsam000000IIZZAA4
Deposits_Latest,Deposits_Latest,Heroku_Postgres,,HerokuPostgres,CONNECTORSFRAMEWORK,Other,ACTIVE,OK,True,SUCCESS,OK,2026-02-12T17:31:38.000Z,9,0,0,Deposits_Latest__dll,ACTIVE,,0,INCREMENTAL,,1dsam000000IIcnAAG
EmailMessage_Home,EmailMessage_Home,SalesforceDotCom_Home,EmailMessage,SalesforceDotCom,SFDC_PACKAGE_KIT,Engagement,ACTIVE,OK,True,SUCCESS,OK,2026-05-26T15:25:19.000Z,14173,14173,14174,EmailMessage_Home__dll,ACTIVE,ssot__Activity__dlm; ssot__EmailMessage__dlm,2,UPSERT,,1dsam000000JRm5AAG
EmailMessageRelation_Home,EmailMessageRelation_Home,SalesforceDotCom_Home,EmailMessageRelation,SalesforceDotCom,SFDC_PACKAGE_KIT,Other,ACTIVE,OK,True,SUCCESS,OK,2026-05-26T15:25:43.000Z,28346,28346,28347,EmailMessageRelation_Home__dll,ACTIVE,ssot__ActivityParticipant__dlm,1,UPSERT,,1dsam000000JRm6AAG
Engagement_A4S_Behavioral_Events_F851F30C,Engagement_A4S-Behavioral Events F851F30C,Engagement_A4S_93315d32_0bdb_4049_a604_c63ab1db6b0b,,StreamingApp,EVENTS,Engagement,ACTIVE,OK,True,SUCCESS,OK,2026-03-16T20:57:55.000Z,0,0,0,Engagement_A4S_Behavioral_Event_F851F30C__dll,ACTIVE,,0,INCREMENTAL,,1dsam000000NoFRAA0
Engagement_Google_Analytics,Engagement Google Analytics,Google_Analytics,,CDataJdbcGoogleAnalytics,CONNECTORSFRAMEWORK,Engagement,ACTIVE,OK,True,FAILURE,FAIL,2025-06-26T02:14:07.000Z,0,0,0,Engagement_Google_Analytics__dll,ACTIVE,,0,TOTAL_REPLACE,,1dsam000000JXGPAA4
EngagementChannelType_Home,EngagementChannelType_Home,SalesforceDotCom_Home,EngagementChannelType,SalesforceDotCom,SFDC_PACKAGE_KIT,Other,ACTIVE,OK,True,SUCCESS,OK,2026-06-17T09:40:51.000Z,2,2,3,EngagementChannelType_Home__dll,ACTIVE,ssot__EngagementChannelType__dlm,1,UPSERT,STREAMING,1dsam000000KLd7AAG
Enrollments,Enrollments,Jedi_Snowflake,,SNOWFLAKE,EXTERNAL,Other,ACTIVE,OK,True,SUCCESS,OK,2026-04-06T14:08:53.000Z,2,2,2,Enrollments__dll,ACTIVE,Enrollments__dlm,1,TOTAL_REPLACE,,1dsam000000OC4rAAG
Event_Home,Event_Home,SalesforceDotCom_Home,Event,SalesforceDotCom,SFDC_PACKAGE_KIT,Engagement,ACTIVE,OK,True,SUCCESS,OK,2026-05-26T15:13:26.000Z,6369,6369,6370,Event_Home__dll,ACTIVE,ssot__Activity__dlm; ssot__CalendarEvent__dlm,2,UPSERT,,1dsam000000JRpJAAW
EventRelation_Home,EventRelation_Home,SalesforceDotCom_Home,EventRelation,SalesforceDotCom,SFDC_PACKAGE_KIT,Other,ERROR,WARN,True,SUCCESS,OK,2026-06-22T17:35:39.000Z,0,0,0,EventRelation_Home__dll,ACTIVE,,0,UPSERT,BATCH,1dsam000000JRpKAAW
Events_Google_Analytics,Events Google Analytics,Google_Analytics,,CDataJdbcGoogleAnalytics,CONNECTORSFRAMEWORK,Other,ACTIVE,OK,True,FAILURE,FAIL,2025-06-26T04:28:42.000Z,0,0,0,Events_Google_Analytics__dll,ACTIVE,,0,TOTAL_REPLACE,,1dsam000000JXJdAAO
Experience_Cloud_Event_Connector_Behavioral_Events_8AE43755,Experience_Cloud_Event_Connector-Behavioral Events 8AE43755,Experience_Cloud_Event_Connector_616e417d_5f9e_4c2e_81e7_819ce2971ec9,,StreamingApp,EVENTS,Engagement,ACTIVE,OK,True,SUCCESS,OK,2026-06-25T15:03:31.000Z,156,0,0,Experience_Cloud_Event_Connecto_8AE43755__dll,ACTIVE,,0,INCREMENTAL,,1dsam000000I5MHAA0
Experience_Cloud_Event_Connector_contactPointAddress_8AE4378C,Experience_Cloud_Event_Connector-contactPointAddress 8AE4378C,Experience_Cloud_Event_Connector_616e417d_5f9e_4c2e_81e7_819ce2971ec9,,StreamingApp,EVENTS,Profile,ACTIVE,OK,True,IN_PROGRESS,WARN,,0,0,0,Experience_Cloud_Event_Connecto_8AE4378C__dll,ACTIVE,,0,INCREMENTAL,,1dsam000000I5MGAA0
Experience_Cloud_Event_Connector_contactPointEmail_8AE437A8,Experience_Cloud_Event_Connector-contactPointEmail 8AE437A8,Experience_Cloud_Event_Connector_616e417d_5f9e_4c2e_81e7_819ce2971ec9,,StreamingApp,EVENTS,Profile,ACTIVE,OK,True,IN_PROGRESS,WARN,,0,0,0,Experience_Cloud_Event_Connecto_8AE437A8__dll,ACTIVE,,0,INCREMENTAL,,1dsam000000I5MEAA0
Experience_Cloud_Event_Connector_contactPointPhone_8AE437C8,Experience_Cloud_Event_Connector-contactPointPhone 8AE437C8,Experience_Cloud_Event_Connector_616e417d_5f9e_4c2e_81e7_819ce2971ec9,,StreamingApp,EVENTS,Profile,ACTIVE,OK,True,IN_PROGRESS,WARN,,0,0,0,Experience_Cloud_Event_Connecto_8AE437C8__dll,ACTIVE,,0,INCREMENTAL,,1dsam000000I5MIAA0
Experience_Cloud_Event_Connector_identity_8AE437EA,Experience_Cloud_Event_Connector-identity 8AE437EA,Experience_Cloud_Event_Connector_616e417d_5f9e_4c2e_81e7_819ce2971ec9,,StreamingApp,EVENTS,Profile,ACTIVE,OK,True,SUCCESS,OK,2026-06-25T14:59:26.000Z,7,0,0,Experience_Cloud_Event_Connecto_8AE437EA__dll,ACTIVE,,0,INCREMENTAL,,1dsam000000I5MDAA0
Experience_Cloud_Event_Connector_partyIdentification_8AE43803,Experience_Cloud_Event_Connector-partyIdentification 8AE43803,Experience_Cloud_Event_Connector_616e417d_5f9e_4c2e_81e7_819ce2971ec9,,StreamingApp,EVENTS,Profile,ACTIVE,OK,True,SUCCESS,OK,2025-04-26T17:35:08.000Z,1,0,0,Experience_Cloud_Event_Connecto_8AE43803__dll,ACTIVE,,0,INCREMENTAL,,1dsam000000I5MFAA0
ExperimentationLog_experimentation_BC0BD7EC,ExperimentationLog-experimentation,ExperimentationLog_a392f819_3f34_49a3_9384_1c46f19a59ce,,IngestApi,INGESTAPI,Engagement,ACTIVE,OK,True,SUCCESS,OK,2025-11-25T17:56:43.000Z,0,0,0,ExperimentationLog_experimentat_BC0BD7EC__dll,ACTIVE,,0,UPSERT,,1dsam000000LmZVAA0
FileEvent_Salesforce_Platform_Events,FileEvent Salesforce Platform Events,Salesforce_Platform_Events,,EventBusConnector,CONNECTORSFRAMEWORK,Engagement,ACTIVE,OK,True,SUCCESS,OK,2026-07-02T16:29:05.000Z,2182,0,0,FileEvent_Salesforce_Platform_Events__dll,ACTIVE,,0,INCREMENTAL,HOURLY,1dsam000000IYHlAAO
Financial_Account_Role,Financial Account Role,SalesforceDotCom_Home,FinServ__FinancialAccountRole__c,SalesforceDotCom,SFDC,Profile,ACTIVE,OK,True,SUCCESS,OK,2026-05-26T15:18:46.000Z,90790,90790,90791,Financial_Account_Role__dll,ACTIVE,ssot__FinancialAccountParty__dlm,1,UPSERT,,1dsam000000A3UTAA0
Financial_Goal,Financial Goal,SalesforceDotCom_Home,FinancialGoal,SalesforceDotCom,SFDC,Profile,ACTIVE,OK,True,SUCCESS,OK,2026-05-26T15:17:33.000Z,1368,1368,1369,Financial_Goal__dll,ACTIVE,ssot__FinancialGoal__dlm,1,UPSERT,,1dsam000000A3W5AAK
Financial_Goal_Party,Financial Goal Party,SalesforceDotCom_Home,FinancialGoalParty,SalesforceDotCom,SFDC,Profile,ACTIVE,OK,True,SUCCESS,OK,2026-05-26T15:18:04.000Z,111,111,112,Financial_Goal_Party__dll,ACTIVE,ssot__FinancialGoalParty__dlm,1,UPSERT,,1dsam000000A3XhAAK
Financial_Holding,Financial Holding,SalesforceDotCom_Home,FinServ__FinancialHolding__c,SalesforceDotCom,SFDC,Profile,ACTIVE,OK,True,SUCCESS,OK,2026-05-26T15:19:47.000Z,860,860,861,Financial_Holding__dll,ACTIVE,ssot__FinancialHolding__dlm,1,UPSERT,,1dsam000000A3flAAC
financial_services_lea09132348059,financial_services_leads_with_campaigns,UploadedFiles,,UploadedFiles,CONNECTORSFRAMEWORK,Other,ACTIVE,OK,True,SUCCESS,OK,2025-07-09T17:23:56.000Z,146,146,146,financial_services_lea09132348059__dll,ACTIVE,,0,TOTAL_REPLACE,,1dsam000000JcRNAA0
Financial_Trades_Snow,Financial_Trades_Snow,Jedi_Snowflake,,SNOWFLAKE,EXTERNAL,Engagement,ACTIVE,OK,True,SUCCESS,OK,2026-07-02T16:37:12.000Z,2883726,0,2883726,Financial_Trades_Snow__dll,ACTIVE,Financial_Trades__dlm,1,TOTAL_REPLACE,MINUTES_15,1dsam000000OWI5AAO
Financial_Transactions_AWSRedshift,Financial_Transactions_AWSRedshift,AWS_Redshift,,REDSHIFT,EXTERNAL,Engagement,ACTIVE,OK,True,NONE,WARN,,2188,,,Financial_Transactions_AWSRedshift__dll,ACTIVE,Financial_Transactions_AWSRedshift__dlm,1,TOTAL_REPLACE,,1dsam000000CpgHAAS
Financial_Transactions_BT_Snow,Financial_Transactions_BT_Snow,BT_Managed_Snowflake,,SNOWFLAKE,EXTERNAL,Engagement,ACTIVE,OK,True,SUCCESS,OK,2026-07-01T11:01:39.000Z,10100,19,16693,Financial_Transactions_BT_Snow__dll,ACTIVE,ssot__FinancialAccountTransaction__dlm,1,TOTAL_REPLACE,,1dsam000000PeOrAAK
Financial_Transactions_DataBricks,Financial_Transactions_DataBricks,Databricks,,Databricks,EXTERNAL,Engagement,ACTIVE,OK,True,SUCCESS,OK,,2199,,,Financial_Transactions_DataBricks__dll,ACTIVE,ssot__FinancialAccountTransaction__dlm,1,TOTAL_REPLACE,,1dsam000000BaD3AAK
Financial_Transactions_Redshift,Financial_Transactions_Redshift,Redshift,,REDSHIFT,EXTERNAL,Engagement,ACTIVE,OK,True,NONE,WARN,,0,0,0,Financial_Transactions_Redshift__dll,ACTIVE,Financial_Transactions_Redshift__dlm,1,TOTAL_REPLACE,,1dsam000000Cp0LAAS
Financial_Transactions_Snow,Financial_Transactions_Snow,Jedi_Snowflake,,SNOWFLAKE,EXTERNAL,Engagement,ACTIVE,OK,True,SUCCESS,OK,,0,0,0,Financial_Transactions_Snow__dll,ACTIVE,,0,TOTAL_REPLACE,,1dsam0000009vn3AAA
Financial_Transactions_Snow_XL,Financial_Transactions_Snow_XL,Jedi_Snowflake,,SNOWFLAKE,EXTERNAL,Engagement,ACTIVE,OK,True,SUCCESS,OK,2026-02-12T17:20:54.000Z,100000000,0,100000000,Financial_Transactions_Snow_XL__dll,ACTIVE,,0,TOTAL_REPLACE,,1dsam000000CBR7AAO
FinServ_AssetsAndLiabilities_c_Home,Assets and Liabilities,SalesforceDotCom_Home,FinServ__AssetsAndLiabilities__c,SalesforceDotCom,SFDC,Profile,ACTIVE,OK,True,SUCCESS,OK,2026-05-26T15:20:50.000Z,229,229,230,FinServ_AssetsAndLiabilities_c_Home__dll,ACTIVE,,0,UPSERT,,1dsam000000A3avAAC
FinServ_FinancialAccount_c_Home,Financial Account Data Stream,SalesforceDotCom_Home,FinServ__FinancialAccount__c,SalesforceDotCom,SFDC,Profile,ACTIVE,OK,True,SUCCESS,OK,2026-05-26T16:33:50.000Z,32131,32131,32132,FinServ_FinancialAccount_c_Home__dll,ACTIVE,ssot__CardAccount__dlm; ssot__DepositAccount__dlm; ssot__FinancialAccountFee__dlm; ssot__FinancialAccountInterestRate__dlm; ssot__FinancialAccount__dlm; ssot__InsurancePolicy__dlm; ssot__InvestmentAccount__dlm; ssot__LoanAccount__dlm,8,UPSERT,,1dsam000000A3SrAAK
Flow_Run_Ingestion_FlowElementRun_2EE55616,Flow_Run_Ingestion-FlowElementRun,Flow_Run_Ingestion_40d11b72_942a_46c3_99aa_c7fa36695867,,IngestApi,INGESTAPI,Engagement,ACTIVE,OK,True,SUCCESS,OK,2026-07-02T10:32:31.000Z,13925642,0,0,Flow_Run_Ingestion_FlowElementR_2EE55616__dll,ACTIVE,,0,UPSERT,,1dsam000000KM2nAAG
Flow_Run_Ingestion_FlowRun_2EE55616,Flow_Run_Ingestion-FlowRun,Flow_Run_Ingestion_40d11b72_942a_46c3_99aa_c7fa36695867,,IngestApi,INGESTAPI,Engagement,ACTIVE,OK,True,SUCCESS,OK,2026-07-02T10:31:09.000Z,36836,0,0,Flow_Run_Ingestion_FlowRun_2EE55616__dll,ACTIVE,,0,UPSERT,,1dsam000000KM2pAAG
Flow_Run_Ingestion_IdentityMatch_2EE55615,Flow_Run_Ingestion-IdentityMatch,Flow_Run_Ingestion_40d11b72_942a_46c3_99aa_c7fa36695867,,IngestApi,INGESTAPI,Other,ACTIVE,OK,True,SUCCESS,OK,2025-09-09T16:20:43.000Z,0,0,0,Flow_Run_Ingestion_IdentityMatc_2EE55615__dll,ACTIVE,,0,UPSERT,,1dsam000000KM2oAAG
FlowRecord_Home,FlowRecord_Home,SalesforceDotCom_Home,FlowRecord,SalesforceDotCom,SFDC_PACKAGE_KIT,Other,ACTIVE,OK,True,SUCCESS,OK,2026-07-02T16:50:37.000Z,1176,0,0,FlowRecord_Home__dll,ACTIVE,ssot__Flow__dlm,1,UPSERT,BATCH,1dsam000000KM4QAAW
FlowRecordElement_Home,FlowRecordElement_Home,SalesforceDotCom_Home,FlowRecordElement,SalesforceDotCom,SFDC_PACKAGE_KIT,Other,ACTIVE,OK,True,SUCCESS,OK,2026-07-02T16:50:37.000Z,1124,0,0,FlowRecordElement_Home__dll,ACTIVE,ssot__FlowElement__dlm,1,UPSERT,BATCH,1dsam000000KM4PAAW
FlowRecordVersion_Home,FlowRecordVersion_Home,SalesforceDotCom_Home,FlowRecordVersion,SalesforceDotCom,SFDC_PACKAGE_KIT,Other,ACTIVE,OK,True,SUCCESS,OK,2026-07-02T16:50:36.000Z,1249,0,0,FlowRecordVersion_Home__dll,ACTIVE,ssot__FlowVersion__dlm,1,UPSERT,BATCH,1dsam000000KM61AAG
FlowRecordVersionOccurrence_Home,FlowRecordVersionOccurrence_Home,SalesforceDotCom_Home,FlowRecordVersionOccurrence,SalesforceDotCom,SFDC_PACKAGE_KIT,Other,ACTIVE,OK,True,SUCCESS,OK,2026-07-02T16:50:36.000Z,68,0,0,FlowRecordVersionOccurrence_Home__dll,ACTIVE,ssot__FlowVersionOccurrence__dlm,1,UPSERT,BATCH,1dsam000000KM4RAAW
ForecastingGroup_Home,ForecastingGroup_Home,SalesforceDotCom_Home,ForecastingGroup,SalesforceDotCom,SFDC,Other,ACTIVE,OK,True,SUCCESS,OK,2026-07-02T16:50:36.000Z,0,0,0,ForecastingGroup_Home__dll,ACTIVE,,0,UPSERT,BATCH,1dsam000000KXB8AAO
GenAiFunctionDefinition_Home,GenAiFunctionDefinition_Home,SalesforceDotCom_Home,GenAiFunctionDefinition,SalesforceDotCom,SFDC_PACKAGE_KIT,Other,ACTIVE,OK,True,SUCCESS,OK,2026-07-02T16:50:36.000Z,2087,0,0,GenAiFunctionDefinition_Home__dll,ACTIVE,ssot__AiAgentAction__dlm,1,UPSERT,BATCH,1dsam000000NsNuAAK
GenAiPluginDefinition_Home,GenAiPluginDefinition_Home,SalesforceDotCom_Home,GenAiPluginDefinition,SalesforceDotCom,SFDC_PACKAGE_KIT,Other,ACTIVE,OK,True,SUCCESS,OK,2026-07-02T16:50:36.000Z,698,0,0,GenAiPluginDefinition_Home__dll,ACTIVE,ssot__AiAgentTopic__dlm,1,UPSERT,BATCH,1dsam000000NsNtAAK
Group_Home,Group_Home,SalesforceDotCom_Home,Group,SalesforceDotCom,SFDC,Other,ACTIVE,OK,True,SUCCESS,OK,2026-07-02T16:50:36.000Z,472,0,0,Group_Home__dll,ACTIVE,,0,UPSERT,BATCH,1dsam000000KXBBAA4
GroupMember_Home,GroupMember_Home,SalesforceDotCom_Home,GroupMember,SalesforceDotCom,SFDC,Other,ACTIVE,OK,True,SUCCESS,OK,2026-07-02T16:50:36.000Z,156,0,0,GroupMember_Home__dll,ACTIVE,ssot__UserGroup__dlm,1,UPSERT,BATCH,1dsam000000KXBCAA4
InsAfdc_PolicyholderPortal_Web_Behavioral_Events_3B3FA68,InsAfdc_PolicyholderPortal_Web-Behavioral Events 3B3FA68,InsAfdc_PolicyholderPortal_Web_9e8435fa_ce05_440d_82db_ba3b6fc5dd71,,StreamingApp,EVENTS,Engagement,ACTIVE,OK,True,SUCCESS,OK,2025-10-20T22:52:11.000Z,0,0,0,InsAfdc_PolicyholderPortal_Web_B_3B3FA68__dll,ACTIVE,,0,INCREMENTAL,,1dsam000000KupFAAS
InsurancePolicy_InsuranceAFDC,InsurancePolicy_InsuranceAFDC,SalesforceDotCom_InsuranceAFDC,InsurancePolicy,SalesforceDotCom,SFDC,Engagement,ACTIVE,OK,True,SUCCESS,OK,2026-07-02T16:50:36.000Z,62,0,0,InsurancePolicy_InsuranceAFDC__dll,ACTIVE,ins_InsurancePolicy_InsuranceAFDC__dlm,1,UPSERT,BATCH,1dsam000000OcwzAAC
InteractionSummary_Home,InteractionSummary_Home,SalesforceDotCom_Home,InteractionSummary,SalesforceDotCom,SFDC,Engagement,ACTIVE,OK,True,SUCCESS,OK,2026-07-02T16:50:36.000Z,1565,0,0,InteractionSummary_Home__dll,ACTIVE,InteractionSummary_Home__dlm,1,UPSERT,BATCH,1dsam000000KdhxAAC
Intermediary,Intermediary,Jedi_Snowflake,,SNOWFLAKE,EXTERNAL,Other,ACTIVE,OK,True,SUCCESS,OK,,,,,Intermediary__dll,ACTIVE,,0,TOTAL_REPLACE,,1dsam000000IhePAAS
Investment_Latest,Investment_Latest,Heroku_Postgres,,HerokuPostgres,CONNECTORSFRAMEWORK,Other,ACTIVE,OK,True,SUCCESS,OK,2026-02-12T17:24:12.000Z,6,0,6,Investment_Latest__dll,ACTIVE,,0,INCREMENTAL,,1dsam000000IKTJAA4
Investments,Investments,Heroku_Postgres,,HerokuPostgres,CONNECTORSFRAMEWORK,Profile,ACTIVE,OK,True,SUCCESS,OK,2026-02-12T17:24:10.000Z,371,0,371,Investments__dll,ACTIVE,,0,INCREMENTAL,,1dsam000000IKRhAAO
invoiceitems_Databricks,invoiceitems_Databricks,Databricks_Databricks,,Databricks,EXTERNAL,Profile,ACTIVE,OK,True,NONE,WARN,,3,,,invoiceitems_Databricks__dll,ACTIVE,,0,TOTAL_REPLACE,,1dsam000000PXjxAAG
invoices_Databricks,invoices_Databricks,Databricks_Databricks,,Databricks,EXTERNAL,Profile,ACTIVE,OK,True,NONE,WARN,,2,,,invoices_Databricks__dll,ACTIVE,,0,TOTAL_REPLACE,,1dsam000000PXYfAAO
Knowledge_DataCategorySelection_Home,Knowledge_DataCategorySelection_Home,SalesforceDotCom_Home,Knowledge__DataCategorySelection,SalesforceDotCom,SFDC,Other,ACTIVE,OK,True,SUCCESS,OK,2026-05-17T21:23:30.000Z,322,0,0,Knowledge_DataCategorySelection_Home__dll,ACTIVE,DataCategorySelectionCustom__dlm; ssot__KnowledgeArticleCategory__dlm,2,UPSERT,,1dsam000000I5kSAAS
Knowledge_ka_Home,Knowledge__ka_Home,SalesforceDotCom_Home,Knowledge__ka,SalesforceDotCom,SFDC_PACKAGE_KIT,Other,ACTIVE,OK,True,SUCCESS,OK,2026-05-17T20:00:52.000Z,58,58,59,Knowledge_ka_Home__dll,ACTIVE,ssot__KnowledgeArticle__dlm,1,UPSERT,,1dsam000000IX3xAAG
Knowledge_kav_Home,Knowledge_kav_Home,SalesforceDotCom_Home,Knowledge__kav,SalesforceDotCom,SFDC,Other,ERROR,WARN,True,FAILURE,FAIL,2025-03-23T06:15:35.000Z,191,0,0,Knowledge_kav_Home__dll,ERROR,ssot__KnowledgeArticleVersion__dlm,1,UPSERT,BATCH,1dsam000000I5kPAAS
KnowledgeArticleVersion_Home,KnowledgeArticleVersion_Home,SalesforceDotCom_Home,KnowledgeArticleVersion,SalesforceDotCom,SFDC,Other,ACTIVE,OK,True,FAILURE,FAIL,2026-05-19T16:25:37.000Z,0,0,0,KnowledgeArticleVersion_Home__dll,ACTIVE,,0,UPSERT,BATCH,1dsam000000PBmfAAG
Lead_DCCDO1,Lead_DCCDO1,SalesforceDotCom_DCCDO1,Lead,SalesforceDotCom,SFDC,Profile,ACTIVE,OK,True,SUCCESS,OK,2025-12-31T17:05:37.000Z,376,0,0,Lead_DCCDO1__dll,ACTIVE,ssot__Lead__dlm,1,UPSERT,,1dsam000000ARlJAAW
Lead_FinsDC1,Lead_FinsDC1,SalesforceDotCom_FinsDC1,Lead,SalesforceDotCom,SFDC,Profile,ACTIVE,OK,True,SUCCESS,OK,2025-12-31T17:05:38.000Z,416,0,0,Lead_FinsDC1__dll,ACTIVE,ssot__Lead__dlm,1,UPSERT,,1dsam000000ARbdAAG
Lead_FinsDC4,Lead_FinsDC4,SalesforceDotCom_FinsDC4,Lead,SalesforceDotCom,SFDC,Profile,ACTIVE,OK,True,SUCCESS,OK,2025-12-31T17:05:38.000Z,1139,0,0,Lead_FinsDC4__dll,ACTIVE,ssot__Lead__dlm,1,UPSERT,,1dsam000000GneHAAS
Lead_Home,Lead,SalesforceDotCom_Home,Lead,SalesforceDotCom,SFDC,Profile,ACTIVE,OK,True,SUCCESS,OK,2026-05-26T15:10:41.000Z,641,641,642,Lead_Home__dll,ACTIVE,ssot__ContactPointAddress__dlm; ssot__ContactPointEmail__dlm; ssot__ContactPointPhone__dlm; ssot__IdentityMatch__dlm; ssot__Individual__dlm; ssot__Lead__dlm; ssot__Party__dlm,7,UPSERT,,1dsam0000009GK5AAM
Lead_InsuranceAFDC,Lead_InsuranceAFDC,SalesforceDotCom_InsuranceAFDC,Lead,SalesforceDotCom,SFDC_PACKAGE_KIT,Profile,ACTIVE,OK,True,SUCCESS,OK,2026-07-02T16:50:37.000Z,371,0,0,Lead_InsuranceAFDC__dll,ACTIVE,ssot__ContactPointAddress__dlm; ssot__ContactPointEmail__dlm; ssot__ContactPointPhone__dlm; ssot__IdentityMatch__dlm; ssot__Individual__dlm; ssot__Lead__dlm; ssot__Party__dlm,7,UPSERT,BATCH,1dsam000000KldyAAC
LightningUriEventStream_Salesforce_Platf,LightningUriEventStream Salesforce Platf,Salesforce_Platform_Events,,EventBusConnector,CONNECTORSFRAMEWORK,Engagement,ACTIVE,OK,True,SUCCESS,OK,2026-07-02T16:25:15.000Z,16248,2,6,LightningUriEventStream_Salesforce_Platf__dll,ACTIVE,,0,INCREMENTAL,HOURLY,1dsam000000IYJNAA4
Lines,Lines,Heroku_Postgres,,HerokuPostgres,CONNECTORSFRAMEWORK,Other,ACTIVE,OK,True,SUCCESS,OK,2026-02-12T17:24:15.000Z,70,0,70,Lines__dll,ACTIVE,,0,INCREMENTAL,,1dsam000000IJ5pAAG
LinkedArticle_Home,LinkedArticle_Home,SalesforceDotCom_Home,LinkedArticle,SalesforceDotCom,SFDC_PACKAGE_KIT,Other,ACTIVE,OK,True,SUCCESS,OK,2025-12-31T18:00:36.000Z,1,0,0,LinkedArticle_Home__dll,ACTIVE,ssot__LinkedKnowledgeArticle__dlm,1,UPSERT,,1dsam000000IX3yAAG
ListEmail_Home,ListEmail_Home,SalesforceDotCom_Home,ListEmail,SalesforceDotCom,SFDC_PACKAGE_KIT,Other,ACTIVE,OK,True,SUCCESS,OK,2026-07-02T16:50:37.000Z,6,0,0,ListEmail_Home__dll,ACTIVE,ssot__BulkEmailMessage__dlm,1,UPSERT,BATCH,1dsam000000KLd2AAG
ListViewEventStream_Salesforce_Platform,ListViewEventStream Salesforce Platform,Salesforce_Platform_Events,,EventBusConnector,CONNECTORSFRAMEWORK,Engagement,ACTIVE,OK,True,SUCCESS,OK,2026-07-02T16:25:21.000Z,1510,0,0,ListViewEventStream_Salesforce_Platform__dll,ACTIVE,,0,INCREMENTAL,HOURLY,1dsam000000IYKzAAO
Loan_Delinquencies,Loan_Delinquencies,Jedi_Snowflake,,SNOWFLAKE,EXTERNAL,Other,ACTIVE,OK,True,SUCCESS,OK,2026-02-12T17:22:04.000Z,750,0,750,Loan_Delinquencies__dll,ACTIVE,Loan_Delinquencies__dlm,1,TOTAL_REPLACE,,1dsam000000GzYzAAK
Loans,Loans,Heroku_Postgres,,HerokuPostgres,CONNECTORSFRAMEWORK,Other,ACTIVE,OK,True,SUCCESS,OK,2026-02-12T17:24:12.000Z,315,0,315,Loans__dll,ACTIVE,,0,INCREMENTAL,,1dsam000000IJ4DAAW
Loans_Latest,Loans_Latest,Heroku_Postgres,,HerokuPostgres,CONNECTORSFRAMEWORK,Other,ACTIVE,OK,True,SUCCESS,OK,2026-02-12T17:24:11.000Z,11,0,11,Loans_Latest__dll,ACTIVE,,0,INCREMENTAL,,1dsam000000IJ7RAAW
LoginEventStream_Salesforce_Platform_Eve,LoginEventStream Salesforce Platform Eve,Salesforce_Platform_Events,,EventBusConnector,CONNECTORSFRAMEWORK,Engagement,ACTIVE,OK,True,SUCCESS,OK,2026-07-02T16:30:59.000Z,12600,5,15,LoginEventStream_Salesforce_Platform_Eve__dll,ACTIVE,,0,INCREMENTAL,HOURLY,1dsam000000IYMbAAO
LogoutEventStream_Salesforce_Platform_Ev,LogoutEventStream Salesforce Platform Ev,Salesforce_Platform_Events,,EventBusConnector,CONNECTORSFRAMEWORK,Engagement,ACTIVE,OK,True,SUCCESS,OK,2026-07-02T16:26:35.000Z,150,1,3,LogoutEventStream_Salesforce_Platform_Ev__dll,ACTIVE,,0,INCREMENTAL,HOURLY,1dsam000000IYRRAA4
ManagedContent_Home,ManagedContent_Home,SalesforceDotCom_Home,ManagedContent,SalesforceDotCom,SFDC_PACKAGE_KIT,Other,ACTIVE,OK,True,SUCCESS,OK,2026-07-02T16:50:36.000Z,844,0,0,ManagedContent_Home__dll,ACTIVE,ssot__DigitalContent__dlm,1,UPSERT,BATCH,1dsam000000KLd3AAG
ManagedContentPublishedUrl_Home,ManagedContentPublishedUrl_Home,SalesforceDotCom_Home,ManagedContentPublishedUrl,SalesforceDotCom,SFDC_PACKAGE_KIT,Other,ACTIVE,OK,True,SUCCESS,OK,2026-07-02T16:50:37.000Z,0,0,0,ManagedContentPublishedUrl_Home__dll,ACTIVE,ssot__WebsitePublication__dlm,1,UPSERT,BATCH,1dsam000000KLd1AAG
Marketing_Campaigns,Marketing Campaigns,Heroku_Postgres,,HerokuPostgres,CONNECTORSFRAMEWORK,Engagement,ACTIVE,OK,True,SUCCESS,OK,2026-02-12T17:24:27.000Z,28,0,28,Marketing_Campaigns__dll,ACTIVE,,0,INCREMENTAL,,1dsam000000IMoTAAW
MarketSegment_Home,MarketSegment_Home,SalesforceDotCom_Home,MarketSegment,SalesforceDotCom,SFDC,Profile,ACTIVE,OK,True,SUCCESS,OK,2025-12-31T18:00:36.000Z,22,0,0,MarketSegment_Home__dll,ACTIVE,ssot__MarketSegment__dlm,1,UPSERT,,1dsam000000IXFFAA4
MCC_Table,MCC_Table,Jedi_Snowflake,,SNOWFLAKE,EXTERNAL,Other,ACTIVE,OK,True,NONE,WARN,,324,,,MCC_Table__dll,ACTIVE,,0,TOTAL_REPLACE,,1dsam000000PXC5AAO
Meeting_Note_c_Home,Meeting_Note__c_Home,SalesforceDotCom_Home,Meeting_Note__c,SalesforceDotCom,SFDC,Engagement,ACTIVE,OK,True,SUCCESS,OK,2026-07-02T16:50:36.000Z,6,0,0,Meeting_Note_c_Home__dll,ACTIVE,Meeting_Note_c_Home__dlm,1,UPSERT,BATCH,1dsam000000KgBBAA0
MessagingChannel_Home,MessagingChannel_Home,SalesforceDotCom_Home,MessagingChannel,SalesforceDotCom,SFDC_PACKAGE_KIT,Other,ACTIVE,OK,True,SUCCESS,OK,2026-07-02T16:50:36.000Z,10,0,0,MessagingChannel_Home__dll,ACTIVE,ssot__EngagementChannel__dlm,1,UPSERT,BATCH,1dsam000000KLbOAAW
MessagingChannelUsage_Home,MessagingChannelUsage_Home,SalesforceDotCom_Home,MessagingChannelUsage,SalesforceDotCom,SFDC_PACKAGE_KIT,Other,ACTIVE,OK,True,SUCCESS,OK,2026-07-02T16:50:36.000Z,0,0,0,MessagingChannelUsage_Home__dll,ACTIVE,ssot__EngagementChannelUsage__dlm,1,UPSERT,BATCH,1dsam000000KLd4AAG
MessagingConsentV2_MessagingConsent_2EBB2DBE,MessagingConsentV2-MessagingConsent,MessagingConsentV2_b161db06_18ef_4a8c_9360_6dbdca89c598,,IngestApi,INGESTAPI,Other,ACTIVE,OK,True,SUCCESS,OK,2025-09-09T16:19:35.000Z,0,0,0,MessagingConsentV2_MessagingCon_2EBB2DBE__dll,ACTIVE,,0,UPSERT,,1dsam000000KLl3AAG
MessagingEventsEmailV2_00Dam00000Uo32q_EmailEngagement_B94CF714,MessagingEventsEmailV2_00Dam00000Uo32q-EmailEngagement,MessagingEventsEmailV2_00Dam00000Uo32q_a346bdb5_4207_4d46_ae0f_6934048f9da9,,IngestApi,INGESTAPI,Engagement,ACTIVE,OK,True,SUCCESS,OK,2025-11-25T05:10:00.000Z,0,0,0,MessagingEventsEmailV2_00Dam000_B94CF714__dll,ACTIVE,,0,UPSERT,,1dsam000000LliHAAS
MessagingEventsEmailV2_EmailEngagement_2EF27E9C,MessagingEventsEmailV2-EmailEngagement,MessagingEventsEmailV2_7c343870_6499_45f3_b7af_fe6addd98046,,IngestApi,INGESTAPI,Engagement,ACTIVE,OK,True,SUCCESS,OK,2025-09-09T16:20:23.000Z,0,0,0,MessagingEventsEmailV2_EmailEng_2EF27E9C__dll,ACTIVE,,0,UPSERT,,1dsam000000KMFhAAO
MessagingEventsSmsV2_00Dam00000Uo32q_SmsEngagement_B95055B5,MessagingEventsSmsV2_00Dam00000Uo32q-SmsEngagement,MessagingEventsSmsV2_00Dam00000Uo32q_1a14f0fd_2ea5_450c_a824_e95d27e07987,,IngestApi,INGESTAPI,Engagement,ACTIVE,OK,True,SUCCESS,OK,2025-11-25T05:12:46.000Z,0,0,0,MessagingEventsSmsV2_00Dam00000_B95055B5__dll,ACTIVE,,0,UPSERT,,1dsam000000LllVAAS
MessagingEventsSmsV2_SmsEngagement_2EF71E76,MessagingEventsSmsV2-SmsEngagement,MessagingEventsSmsV2_b2854694_dd7d_4449_9b7b_5cbf3163e242,,IngestApi,INGESTAPI,Engagement,ACTIVE,OK,True,SUCCESS,OK,2025-09-09T16:24:55.000Z,0,0,0,MessagingEventsSmsV2_SmsEngagem_2EF71E76__dll,ACTIVE,,0,UPSERT,,1dsam000000KMHJAA4
MessagingEventsWhatsAppV2_00Dam00000Uo32q_WhatsappEngagement_B94EA8A1,MessagingEventsWhatsAppV2_00Dam00000Uo32q-WhatsappEngagement,MessagingEventsWhatsAppV2_00Dam00000Uo32q_162eaeb9_dbff_4584_9dae_9ae363e57ac7,,IngestApi,INGESTAPI,Engagement,ACTIVE,OK,True,SUCCESS,OK,2025-11-25T05:11:19.000Z,0,0,0,MessagingEventsWhatsAppV2_00Dam_B94EA8A1__dll,ACTIVE,,0,UPSERT,,1dsam000000LljtAAC
MessagingEventsWhatsAppV2_WhatsappEngagement_2EFABDC9,MessagingEventsWhatsAppV2-WhatsappEngagement,MessagingEventsWhatsAppV2_407c92bb_4d65_4383_bf4f_5f8da75fd6e7,,IngestApi,INGESTAPI,Engagement,ACTIVE,OK,True,SUCCESS,OK,2025-09-09T16:13:55.000Z,0,0,0,MessagingEventsWhatsAppV2_Whats_2EFABDC9__dll,ACTIVE,,0,UPSERT,,1dsam000000KMIvAAO
meterreads_Databricks,meterreads_Databricks,Databricks_Databricks,,Databricks,EXTERNAL,Profile,ACTIVE,OK,True,NONE,WARN,,1008,,,meterreads_Databricks__dll,ACTIVE,,0,TOTAL_REPLACE,,1dsam000000PXonAAG
MktDataConnection_Home,MktDataConnection_Home,SalesforceDotCom_Home,MktDataConnection,SalesforceDotCom,SFDC,Other,ACTIVE,OK,True,SUCCESS,OK,2026-07-02T16:50:36.000Z,43,0,0,MktDataConnection_Home__dll,ACTIVE,,0,UPSERT,BATCH,1dsam000000KSGKAA4
MktDataLakeField_Home,MktDataLakeField_Home,SalesforceDotCom_Home,MktDataLakeField,SalesforceDotCom,SFDC,Other,ACTIVE,OK,True,FAILURE,FAIL,2025-10-11T04:25:37.000Z,11191,0,0,MktDataLakeField_Home__dll,ACTIVE,,0,UPSERT,BATCH,1dsam000000KSGOAA4
MktDataLakeMapping_Home,MktDataLakeMapping_Home,SalesforceDotCom_Home,MktDataLakeMapping,SalesforceDotCom,SFDC,Other,ACTIVE,OK,True,SUCCESS,OK,2026-07-02T16:50:36.000Z,0,0,0,MktDataLakeMapping_Home__dll,ACTIVE,,0,UPSERT,BATCH,1dsam000000KSGPAA4
MktDataLakeObject_Home,MktDataLakeObject_Home,SalesforceDotCom_Home,MktDataLakeObject,SalesforceDotCom,SFDC,Other,ACTIVE,OK,True,SUCCESS,OK,2025-12-31T18:00:36.000Z,432,0,0,MktDataLakeObject_Home__dll,ACTIVE,,0,UPSERT,,1dsam000000IYrFAAW
MktDataModelField_Home,MktDataModelField_Home,SalesforceDotCom_Home,MktDataModelField,SalesforceDotCom,SFDC,Other,ACTIVE,OK,True,SUCCESS,OK,2025-12-31T18:00:37.000Z,21743,0,0,MktDataModelField_Home__dll,ACTIVE,,0,UPSERT,,1dsam000000IYuTAAW
MktDataTransform_Home,MktDataTransform_Home,SalesforceDotCom_Home,MktDataTransform,SalesforceDotCom,SFDC,Other,ACTIVE,OK,True,SUCCESS,OK,2026-07-02T16:50:54.000Z,63,0,5,MktDataTransform_Home__dll,ACTIVE,,0,UPSERT,BATCH,1dsam000000KSGRAA4
MktDataTransformDefinition_Home,MktDataTransformDefinition_Home,SalesforceDotCom_Home,MktDataTransformDefinition,SalesforceDotCom,SFDC,Other,ACTIVE,OK,True,SUCCESS,OK,2026-07-02T16:50:36.000Z,66,0,0,MktDataTransformDefinition_Home__dll,ACTIVE,,0,UPSERT,BATCH,1dsam000000KSGIAA4
ML_Attrition_Training_Data,ML_Attrition_Training_Data,Heroku_Postgres,,HerokuPostgres,CONNECTORSFRAMEWORK,Profile,ACTIVE,OK,True,SUCCESS,OK,2026-02-12T17:20:41.000Z,10000,10000,10000,ML_Attrition_Training_Data__dll,ACTIVE,,0,TOTAL_REPLACE,,1dsam000000BR1hAAG
ML_Loan_Chargeoffs_Snow,ML_Loan_Chargeoffs_Snow,Jedi_Snowflake,,SNOWFLAKE,EXTERNAL,Other,ACTIVE,OK,True,SUCCESS,OK,2026-02-12T17:20:37.000Z,1,0,201,ML_Loan_Chargeoffs_Snow__dll,ACTIVE,ML_Loan_Chargeoffs__dlm,1,TOTAL_REPLACE,,1dsam000000BmVxAAK
Note_Home,Note_Home,SalesforceDotCom_Home,Note,SalesforceDotCom,SFDC,Engagement,ACTIVE,OK,True,SUCCESS,OK,2026-07-02T16:50:36.000Z,0,0,0,Note_Home__dll,ACTIVE,Note_Home__dlm,1,UPSERT,BATCH,1dsam000000Kd6rAAC
NotebookFilesStream,DataKnowledgeSrcFileRef_Home,SalesforceDotCom_Home,DataKnowledgeSrcFileRef,SalesforceDotCom,SFDC,Other,ACTIVE,OK,True,SUCCESS,OK,2026-07-02T16:50:36.000Z,1,0,0,NotebookFilesStream__dll,ACTIVE,DataKnowledgeSrcFileRefDMO__dlm,1,UPSERT,BATCH,1dsam000000LPGLAA4
ObjectMetadataTag_Home,ObjectMetadataTag_Home,SalesforceDotCom_Home,ObjectMetadataTag,SalesforceDotCom,SFDC,Other,ACTIVE,OK,True,SUCCESS,OK,2026-07-02T16:50:36.000Z,0,0,0,ObjectMetadataTag_Home__dll,ACTIVE,,0,UPSERT,BATCH,1dsam000000KSGHAA4
ObservabilitySpans,ObservabilitySpans,Observability,,Observability,CONNECTORSFRAMEWORK,Observability_Table,ACTIVE,OK,True,FAILURE,FAIL,,0,,,ObservabilitySpans__dll,ACTIVE,,0,INCREMENTAL,,1dsam000000OatZAAS
Opportunity,Opportunity,SalesforceDotCom_Home,Opportunity,SalesforceDotCom,SFDC,Profile,ACTIVE,OK,True,SUCCESS,OK,2026-05-26T15:11:33.000Z,30087,30087,30088,Opportunity__dll,ACTIVE,ssot__Opportunity__dlm,1,UPSERT,,1dsam000000A5G9AAK
Opportunity_DCCDO1,Opportunity_DCCDO1,SalesforceDotCom_DCCDO1,Opportunity,SalesforceDotCom,SFDC,Profile,ACTIVE,OK,True,SUCCESS,OK,2025-12-31T17:05:37.000Z,690,0,0,Opportunity_DCCDO1__dll,ACTIVE,ssot__Opportunity__dlm,1,UPSERT,,1dsam000000ARq9AAG
Opportunity_FinsDC1,Opportunity_FinsDC1,SalesforceDotCom_FinsDC1,Opportunity,SalesforceDotCom,SFDC,Profile,ACTIVE,OK,True,SUCCESS,OK,2025-12-31T17:05:38.000Z,692,0,0,Opportunity_FinsDC1__dll,ACTIVE,ssot__Opportunity__dlm,1,UPSERT,,1dsam000000ARYPAA4
Opportunity_FinsDC4,Opportunity_FinsDC4,SalesforceDotCom_FinsDC4,Opportunity,SalesforceDotCom,SFDC,Profile,ACTIVE,OK,True,SUCCESS,OK,2025-12-31T17:05:39.000Z,702,0,0,Opportunity_FinsDC4__dll,ACTIVE,ssot__Opportunity__dlm,1,UPSERT,,1dsam000000GmFBAA0
Opportunity_InsuranceAFDC,Opportunity_InsuranceAFDC,SalesforceDotCom_InsuranceAFDC,Opportunity,SalesforceDotCom,SFDC_PACKAGE_KIT,Other,ACTIVE,OK,True,SUCCESS,OK,2026-07-02T16:50:37.000Z,768,0,0,Opportunity_InsuranceAFDC__dll,ACTIVE,ssot__Opportunity__dlm,1,UPSERT,BATCH,1dsam000000KldvAAC
OpportunityContactRole_Home,OpportunityContactRole_Home,SalesforceDotCom_Home,OpportunityContactRole,SalesforceDotCom,SFDC_PACKAGE_KIT,Other,ACTIVE,OK,True,SUCCESS,OK,2026-05-26T15:26:54.000Z,0,0,0,OpportunityContactRole_Home__dll,ACTIVE,ssot__OpportunityContact__dlm,1,UPSERT,,1dsam000000JRkTAAW
OpportunityContactRole_InsuranceAFDC,OpportunityContactRole_InsuranceAFDC,SalesforceDotCom_InsuranceAFDC,OpportunityContactRole,SalesforceDotCom,SFDC_PACKAGE_KIT,Other,ACTIVE,OK,True,SUCCESS,OK,2026-07-02T16:50:38.000Z,43,0,0,OpportunityContactRole_InsuranceAFDC__dll,ACTIVE,ssot__OpportunityContact__dlm,1,UPSERT,BATCH,1dsam000000KlduAAC
outliers_Databricks,outliers_Databricks,Databricks_Databricks,,Databricks,EXTERNAL,Profile,ACTIVE,OK,True,NONE,WARN,,47,,,outliers_Databricks__dll,ACTIVE,,0,TOTAL_REPLACE,,1dsam000000PXgjAAG
Payment_Snowflake_InsAFDC,Payment_Snowflake_InsAFDC,Jedi_Snowflake,,SNOWFLAKE,EXTERNAL,Engagement,ACTIVE,OK,True,SUCCESS,OK,,6,,,Payment_Snowflake_InsAFDC__dll,ACTIVE,ins_Payment_Snowflake_InsAFDC__dlm,1,TOTAL_REPLACE,,1dsam000000Km0UAAS
PermissionSet_Home,PermissionSet_Home,SalesforceDotCom_Home,PermissionSet,SalesforceDotCom,SFDC,Other,ACTIVE,OK,True,SUCCESS,OK,2025-12-31T17:05:37.000Z,970,0,0,PermissionSet_Home__dll,ACTIVE,,0,UPSERT,,1dsam000000I903AAC
PermissionSetAssignment_Home,PermissionSetAssignment_Home,SalesforceDotCom_Home,PermissionSetAssignment,SalesforceDotCom,SFDC,Other,ACTIVE,OK,True,SUCCESS,OK,2025-12-31T17:05:37.000Z,1014,0,0,PermissionSetAssignment_Home__dll,ACTIVE,,0,UPSERT,,1dsam000000I904AAC
PermissionSetEvent_Salesforce_Platform_E,PermissionSetEvent Salesforce Platform E,Salesforce_Platform_Events,,EventBusConnector,CONNECTORSFRAMEWORK,Engagement,ACTIVE,OK,True,SUCCESS,OK,2026-07-02T16:35:26.000Z,1551,0,0,PermissionSetEvent_Salesforce_Platform_E__dll,ACTIVE,,0,INCREMENTAL,HOURLY,1dsam000000IYPpAAO
PERSONAL_PRODUCT_RECOMMENDATION_INPUTS,PERSONAL_PRODUCT_RECOMMENDATION_INPUTS,Jedi_Snowflake,,SNOWFLAKE,EXTERNAL,Other,ACTIVE,OK,True,SUCCESS,OK,,8240,,,PERSONAL_PRODUCT_RECOMMENDATION_INPUTS__dll,ACTIVE,PERSONAL_PRODUCT_RECOMMENDATION_INPU__dlm,1,TOTAL_REPLACE,,1dsam000000O4ldAAC
PERSONAL_PRODUCT_RECOMMENDATION_TRAINING,PERSONAL_PRODUCT_RECOMMENDATION_TRAINING,Jedi_Snowflake,,SNOWFLAKE,EXTERNAL,Other,ACTIVE,OK,True,SUCCESS,OK,,7500,,,PERSONAL_PRODUCT_RECOMMENDATION_TRAINING__dll,ACTIVE,PERSONAL_PRODUCT_RECOMMENDATION_TRAI__dlm,1,TOTAL_REPLACE,,1dsam000000O48vAAC
PersonalizationDecision_00D5t000000FlSs,PersonalizationDecision_Home,SalesforceDotCom_Home,PersonalizationDecision,SalesforceDotCom,SFDC_PACKAGE_KIT,Other,ERROR,WARN,True,NONE,WARN,,0,0,0,PersonalizationDecision_Home__dll,ACTIVE,,0,UPSERT,,1dsam000000Ha8kAAC
PersonalizationLog_personalization_95A068DD,PersonalizationLog-personalization,PersonalizationLog_5391ebcb_cd1b_4628_adb7_a2ceabb4da74,,IngestApi,INGESTAPI,Engagement,ACTIVE,OK,True,SUCCESS,OK,2025-02-11T01:50:37.000Z,0,0,0,PersonalizationLog_personalizat_95A068DD__dll,ACTIVE,,0,UPSERT,,1dsam000000Ha8nAAC
PersonalizationPoint_00D5t000000FlSs,PersonalizationPoint_Home,SalesforceDotCom_Home,PersonalizationPoint,SalesforceDotCom,SFDC_PACKAGE_KIT,Other,ACTIVE,OK,True,NONE,WARN,,0,,,PersonalizationPoint_Home__dll,ACTIVE,,0,UPSERT,,1dsam000000Ha8mAAC
PersonalizationRecommend_00D5t000000FlSs,PersonalizationRecommender_Home,SalesforceDotCom_Home,PersonalizationRecommender,SalesforceDotCom,SFDC_PACKAGE_KIT,Other,ACTIVE,OK,True,NONE,WARN,,0,,,PersonalizationRecommender_Home__dll,ACTIVE,,0,UPSERT,,1dsam000000Ha8jAAC
PersonalizationSchema_00D5t000000FlSs,PersonalizationSchema_Home,SalesforceDotCom_Home,PersonalizationSchema,SalesforceDotCom,SFDC_PACKAGE_KIT,Other,ACTIVE,OK,True,NONE,WARN,,0,,,PersonalizationSchema_Home__dll,ACTIVE,,0,UPSERT,,1dsam000000Ha8lAAC
PersonLifeEvent_Home,PersonLifeEvent_Home,SalesforceDotCom_Home,PersonLifeEvent,SalesforceDotCom,SFDC,Engagement,ACTIVE,OK,True,SUCCESS,OK,2026-07-02T16:50:36.000Z,25287,0,0,PersonLifeEvent_Home__dll,ACTIVE,ssot__PersonLifeEvent__dlm,1,UPSERT,BATCH,1dsam000000OvpxAAC
PersonLifeEventFeed_Home,PersonLifeEventFeed_Home,SalesforceDotCom_Home,PersonLifeEventFeed,SalesforceDotCom,SFDC,Engagement,ACTIVE,OK,True,SUCCESS,OK,2026-07-02T16:50:37.000Z,0,0,0,PersonLifeEventFeed_Home__dll,ACTIVE,,0,UPSERT,BATCH,1dsam000000OvpyAAC
PilotAIRetrieverQualityMetric,PilotAIRetrieverQualityMetric,AIPlatform_RAG_QUALITY_MONITORING,,AIPlatform,CONNECTORSFRAMEWORK,Engagement,ACTIVE,OK,True,SUCCESS,OK,2026-07-02T16:19:22.000Z,126,0,0,PilotAIRetrieverQualityMetric__dll,ACTIVE,,0,UPSERT,HOURLY,1dsam000000JFHvAAO
PilotAIRetrieverRequest,PilotAIRetrieverRequest,AIPlatform_RAG_QUALITY_MONITORING,,AIPlatform,CONNECTORSFRAMEWORK,Engagement,ACTIVE,OK,True,SUCCESS,OK,2026-07-02T16:50:29.000Z,507,0,0,PilotAIRetrieverRequest__dll,ACTIVE,,0,UPSERT,MINUTES_5,1dsam000000JFHtAAO
PilotAIRetrieverResponse,PilotAIRetrieverResponse,AIPlatform_RAG_QUALITY_MONITORING,,AIPlatform,CONNECTORSFRAMEWORK,Engagement,ACTIVE,OK,True,SUCCESS,OK,2026-07-02T16:58:49.000Z,4321,0,0,PilotAIRetrieverResponse__dll,ACTIVE,,0,UPSERT,MINUTES_5,1dsam000000JFHuAAO
Policy_Snowflake_InsAFDC,Policy_Snowflake_InsAFDC,Jedi_Snowflake,,SNOWFLAKE,EXTERNAL,Engagement,ACTIVE,OK,True,SUCCESS,OK,,6,,,Policy_Snowflake_InsAFDC__dll,ACTIVE,ins_Policy_Snowflake_InsAFDC__dlm,1,TOTAL_REPLACE,,1dsam000000Km0VAAS
PredictionAuditTrail,PredictionAuditTrail,AIPlatform_EDC_MODEL_AUDIT_MONITORING,,AIPlatform,CONNECTORSFRAMEWORK,Engagement,ACTIVE,OK,True,SUCCESS,OK,2026-07-02T16:12:46.000Z,0,0,0,PredictionAuditTrail__dll,ACTIVE,,0,UPSERT,HOURLY,1dsam000000P9jFAAS
premises_Databricks,premises_Databricks,Databricks_Databricks,,Databricks,EXTERNAL,Profile,ACTIVE,OK,True,NONE,WARN,,2,,,premises_Databricks__dll,ACTIVE,,0,TOTAL_REPLACE,,1dsam000000PXlZAAW
Pricebook2_FinsDC4,Pricebook2_FinsDC4,SalesforceDotCom_FinsDC4,Pricebook2,SalesforceDotCom,SFDC,Other,ACTIVE,OK,True,SUCCESS,OK,2025-12-31T18:00:38.000Z,10,0,0,Pricebook2_FinsDC4__dll,ACTIVE,ssot__PriceBook__dlm,1,UPSERT,,1dsam000000IfhRAAS
Pricebook_Home,Pricebook2_Home,SalesforceDotCom_Home,Pricebook2,SalesforceDotCom,SFDC,Other,ACTIVE,OK,True,SUCCESS,OK,2025-12-31T18:00:37.000Z,10,0,0,Pricebook_Home__dll,ACTIVE,ssot__PriceBook__dlm,1,UPSERT,,1dsam000000Id69AAC
PricebookEntry_FinsDC4,PricebookEntry_FinsDC4,SalesforceDotCom_FinsDC4,PricebookEntry,SalesforceDotCom,SFDC,Other,ACTIVE,OK,True,SUCCESS,OK,2025-12-31T18:00:39.000Z,313,0,0,PricebookEntry_FinsDC4__dll,ACTIVE,ssot__PriceBookEntry__dlm,1,UPSERT,,1dsam000000IfkfAAC
PricebookEntry_Home,PricebookEntry_Home,SalesforceDotCom_Home,PricebookEntry,SalesforceDotCom,SFDC,Other,ACTIVE,OK,True,SUCCESS,OK,2025-12-31T18:00:37.000Z,313,0,0,PricebookEntry_Home__dll,ACTIVE,ssot__PriceBookEntry__dlm,1,UPSERT,,1dsam000000Ifj3AAC
product_Databricks,product_Databricks,Databricks_Databricks,,Databricks,EXTERNAL,Profile,ACTIVE,OK,True,NONE,WARN,,3,,,product_Databricks__dll,ACTIVE,,0,TOTAL_REPLACE,,1dsam000000PXiLAAW
Product_Insurance_AFDC,Product2_InsuranceAFDC,SalesforceDotCom_InsuranceAFDC,Product2,SalesforceDotCom,SFDC,Other,ACTIVE,OK,True,SUCCESS,OK,2026-07-02T16:50:36.000Z,283,0,0,Product_Insurance_AFDC__dll,ACTIVE,,0,UPSERT,BATCH,1dsam000000OcybAAC
Profile_Main,Profile_Main,Jedi_Snowflake,,SNOWFLAKE,EXTERNAL,Profile,ACTIVE,OK,True,SUCCESS,OK,,2,,,Profile_Main__dll,ACTIVE,Profile_Main__dlm,1,TOTAL_REPLACE,,1dsam000000I3dlAAC
Prospect_Home,Prospect_Home,SalesforceDotCom_Home,Prospect,SalesforceDotCom,SFDC_PACKAGE_KIT,Profile,ACTIVE,OK,True,SUCCESS,OK,2026-07-02T16:50:36.000Z,0,0,0,Prospect_Home__dll,ACTIVE,ssot__ContactPointAddress__dlm; ssot__ContactPointEmail__dlm; ssot__ContactPointPhone__dlm; ssot__IdentityMatch__dlm; ssot__Individual__dlm; ssot__Prospect__dlm,6,UPSERT,BATCH,1dsam000000KLd8AAG
Quote_FinsDC4,Quote_FinsDC4,SalesforceDotCom_FinsDC4,Quote,SalesforceDotCom,SFDC,Other,ACTIVE,OK,True,SUCCESS,OK,2025-12-31T18:00:40.000Z,7,0,0,Quote_FinsDC4__dll,ACTIVE,ssot__Quote__dlm,1,UPSERT,,1dsam000000IffpAAC
Quote_Home,Quote_Home,SalesforceDotCom_Home,Quote,SalesforceDotCom,SFDC,Other,ACTIVE,OK,True,SUCCESS,OK,2025-12-31T18:00:37.000Z,7,0,0,Quote_Home__dll,ACTIVE,ssot__Quote__dlm,1,UPSERT,,1dsam000000IfeDAAS
RecordView,Record View,SentOsEngagementConnector_73f2120c_cf01_4e2a_a831_675b70726c88,,IngestApi,INGESTAPI,Engagement,ACTIVE,OK,True,SUCCESS,OK,2026-05-22T22:32:42.000Z,0,0,0,RecordView__dll,ACTIVE,,0,UPSERT,,1dsam000000PDbZAAW
Redemption_History_DLO,Redemption History DLO,UploadedFiles,,UploadedFiles,CONNECTORSFRAMEWORK,Other,ACTIVE,OK,True,SUCCESS,OK,2025-06-24T01:15:35.000Z,200,200,200,Redemption_History_DLO__dll,ACTIVE,,0,TOTAL_REPLACE,,1dsam000000JVjFAAW
Referral_c_Home,Referral__c_Home,SalesforceDotCom_Home,Referral__c,SalesforceDotCom,SFDC,Engagement,ACTIVE,OK,True,SUCCESS,OK,2026-05-26T15:16:39.000Z,24,24,25,Referral_c_Home__dll,ACTIVE,ssot__Referral__dlm,1,UPSERT,,1dsam000000JuuXAAS
remote_connection_full_sync_feed,remote_connection_full-sync_feed,remote_connection_full,,IngestApi,INGESTAPI,Engagement,ACTIVE,OK,True,SUCCESS,OK,2025-12-19T08:37:37.000Z,49590,0,0,remote_connection_full_sync_feed__dll,ACTIVE,,0,UPSERT,,1dsam000000Bt4QAAS
remote_connection_incremental_sync_feed,remote_connection_incremental-sync_feed,remote_connection_incremental,,IngestApi,INGESTAPI,Engagement,ACTIVE,OK,True,SUCCESS,OK,2026-07-02T16:42:45.000Z,125929,4,6,remote_connection_incremental_sync_feed__dll,ACTIVE,,0,UPSERT,,1dsam000000Bt4PAAS
ReportEventStream_Salesforce_Platform_Ev,ReportEventStream Salesforce Platform Ev,Salesforce_Platform_Events,,EventBusConnector,CONNECTORSFRAMEWORK,Engagement,ACTIVE,OK,True,SUCCESS,OK,2026-07-02T16:31:10.000Z,712,0,0,ReportEventStream_Salesforce_Platform_Ev__dll,ACTIVE,,0,INCREMENTAL,HOURLY,1dsam000000IYODAA4
RT_Transfers_WebTransfers_C66280E7,RT_Transfers-WebTransfers,RT_Transfers_d238872a_d145_42f5_bbb0_075aaaf8ffab,,IngestApi,INGESTAPI,Engagement,ACTIVE,OK,True,SUCCESS,OK,2026-01-26T18:58:14.000Z,18,0,0,RT_Transfers_WebTransfers_C66280E7__dll,ACTIVE,,0,UPSERT,,1dsam000000LpvZAAS
RT_WebEvents_WebEngagement_DACDA11C,RT_WebEvents-WebEngagement,RT_WebEvents_ab52880b_a4f5_45cd_86a3_be1db46a4a78,,IngestApi,INGESTAPI,Engagement,ACTIVE,OK,True,SUCCESS,OK,2025-05-21T23:00:45.000Z,45,0,0,RT_WebEvents_WebEngagement_DACDA11C__dll,ACTIVE,,0,UPSERT,,1dsam000000Ie73AAC
SearchQuery,Search Query,SentOsEngagementConnector_73f2120c_cf01_4e2a_a831_675b70726c88,,IngestApi,INGESTAPI,Engagement,ACTIVE,OK,True,SUCCESS,OK,2026-05-22T22:32:41.000Z,0,0,0,SearchQuery__dll,ACTIVE,,0,UPSERT,,1dsam000000PDbaAAG
SEC_Filings,SEC_Filings,Jedi_Snowflake,,SNOWFLAKE,EXTERNAL,Other,ACTIVE,OK,True,SUCCESS,OK,,11,,,SEC_Filings__dll,ACTIVE,SEC_Filings__dlm,1,TOTAL_REPLACE,,1dsam000000BLU9AAO
Securities,Securities,SalesforceDotCom_Home,FinServ__Securities__c,SalesforceDotCom,SFDC,Profile,ACTIVE,OK,True,SUCCESS,OK,2026-05-26T15:22:13.000Z,28,28,29,Securities__dll,ACTIVE,ssot__FinancialSecurity__dlm,1,UPSERT,,1dsam000000A3hNAAS
Service_Now,Service Now,Heroku_Postgres,,HerokuPostgres,CONNECTORSFRAMEWORK,Engagement,ACTIVE,OK,True,SUCCESS,OK,2026-02-12T17:24:30.000Z,4009,0,4009,Service_Now__dll,ACTIVE,,0,INCREMENTAL,,1dsam000000IMtJAAW
SetupPageSearchMetadataStream_K7M3X_SetupPageSearchMetadata_F85193EB,SetupPageSearchMetadataStream_K7M3X-SetupPageSearchMetadata,SetupPageSearchMetadataConnector_K7M3X_f6c722d0_9c27_482f_a93b_54dec11d2a5a,,IngestApi,INGESTAPI,Other,ACTIVE,OK,True,SUCCESS,OK,2026-03-16T21:11:37.000Z,1696,0,0,SetupPageSearchMetadataStream_K_F85193EB__dll,ACTIVE,,0,UPSERT,,1dsam000000NoDpAAK
Snowflake_External_Table_Test,Snowflake_External_Table_Test,Jedi_Snowflake,,SNOWFLAKE,EXTERNAL,Engagement,ACTIVE,OK,True,SUCCESS,OK,,100,,,Snowflake_External_Table_Test__dll,ACTIVE,,0,TOTAL_REPLACE,,1dsam000000IkqnAAC
Streaming_API_TradeTransaction_D688A535,Streaming_API-TradeTransaction,Streaming_API_b2655c91_8d9b_416b_957a_c7f8a6c82bf2,,IngestApi,INGESTAPI,Engagement,ACTIVE,OK,True,SUCCESS,OK,2026-05-20T16:03:58.000Z,87,0,0,Streaming_API_TradeTransaction_D688A535__dll,ACTIVE,Financial_Trades__dlm,1,UPSERT,,1dsam000000IMBlAAO
Task_Home,Task_Home,SalesforceDotCom_Home,Task,SalesforceDotCom,SFDC,Other,ACTIVE,OK,True,SUCCESS,OK,2026-05-26T15:12:34.000Z,11011,11011,11012,Task_Home__dll,ACTIVE,,0,UPSERT,,1dsam000000ISQrAAO
Tasks_Snow,Tasks_Snow,Jedi_Snowflake,,SNOWFLAKE,EXTERNAL,Engagement,ACTIVE,OK,True,SUCCESS,OK,2025-12-29T06:01:08.000Z,100,0,100,Tasks_Snow__dll,ACTIVE,ssot__Activity__dlm; ssot__EngagementAction__dlm,2,TOTAL_REPLACE,,1dsam000000JFo9AAG
TenantBillingUsageEvent,TenantBillingUsageEventStream,TenantBillingUsageEvent,,TenantBillingUsageConnector,CONNECTORSFRAMEWORK,Engagement,ACTIVE,OK,True,SUCCESS,OK,2026-07-02T16:26:18.000Z,0,0,0,TenantBillingUsageEvent__dll,ACTIVE,,0,INCREMENTAL,HOURLY,1dsam0000008wMzAAI
TenantBillingUsageEvent_De_1728959211458,TenantBillingUsageEvent_De_1728959211458,C360_AWS_Account,,AwsS3,CONNECTORSFRAMEWORK,Engagement,ACTIVE,OK,True,SUCCESS,OK,2025-12-31T06:01:12.000Z,2755,0,0,TenantBillingUsageEvent_De_1728959211458__dll,ACTIVE,,0,UPSERT,,1dsam000000HXUHAA4
TenantDailyEntitlementCons_1728959211410,TenantDailyEntitlementCons_1728959211410,C360_AWS_Account,,AwsS3,CONNECTORSFRAMEWORK,Engagement,ACTIVE,OK,True,SUCCESS,OK,2025-12-31T06:01:11.000Z,480,0,0,TenantDailyEntitlementCons_1728959211410__dll,ACTIVE,,0,UPSERT,,1dsam000000HXUFAA4
TenantEntitlementTransacti_1728959211436,TenantEntitlementTransacti_1728959211436,C360_AWS_Account,,AwsS3,CONNECTORSFRAMEWORK,Profile,ACTIVE,OK,True,SUCCESS,OK,2025-12-31T06:01:11.000Z,5,0,0,TenantEntitlementTransacti_1728959211436__dll,ACTIVE,,0,UPSERT,,1dsam000000HXUGAA4
TenantEntitlementTransaction,TenantEntitlementTransaction,SalesforceDotCom_Home,TenantEntitlementTransaction,SalesforceDotCom,SFDC,Other,ACTIVE,OK,True,SUCCESS,OK,2026-07-02T16:50:36.000Z,0,0,0,TenantEntitlementTransaction__dll,ACTIVE,,0,UPSERT,BATCH,1dsam0000008wN1AAI
TenantHourlyEntitlementCon_1728959211384,TenantHourlyEntitlementCon_1728959211384,C360_AWS_Account,,AwsS3,CONNECTORSFRAMEWORK,Profile,ACTIVE,OK,True,SUCCESS,OK,2026-02-12T17:29:11.000Z,1138,0,0,TenantHourlyEntitlementCon_1728959211384__dll,ACTIVE,,0,UPSERT,,1dsam000000HXUEAA4
TenantUsageTypeMultiplier,TenantUsageTypeMultiplier,SalesforceDotCom_Home,TenantUsageTypeMultiplier,SalesforceDotCom,SFDC,Other,ACTIVE,OK,True,SUCCESS,OK,2026-07-02T16:50:36.000Z,0,0,0,TenantUsageTypeMultiplier__dll,ACTIVE,,0,UPSERT,BATCH,1dsam0000008wN0AAI
TenantUsageTypeMultiplierS_1728959211361,TenantUsageTypeMultiplierS_1728959211361,C360_AWS_Account,,AwsS3,CONNECTORSFRAMEWORK,Profile,ACTIVE,OK,True,SUCCESS,OK,2026-02-12T17:29:09.000Z,15,0,0,TenantUsageTypeMultiplierS_1728959211361__dll,ACTIVE,,0,UPSERT,,1dsam000000HXUDAA4
Territory2_Home,Territory2_Home,SalesforceDotCom_Home,Territory2,SalesforceDotCom,SFDC_PACKAGE_KIT,Other,ACTIVE,OK,True,SUCCESS,OK,2026-07-02T16:50:36.000Z,0,0,0,Territory2_Home__dll,ACTIVE,ssot__SalesTerritory__dlm,1,UPSERT,BATCH,1dsam000000NsqvAAC
test_ej,test_ej,Jedi_Snowflake,,SNOWFLAKE,EXTERNAL,Other,ACTIVE,OK,True,SUCCESS,OK,,1,,,test_ej__dll,ACTIVE,,0,TOTAL_REPLACE,,1dsam000000PCE5AAO
transactions_Databricks,transactions_Databricks,Databricks_Databricks,,Databricks,EXTERNAL,Profile,ACTIVE,OK,True,NONE,WARN,,2,,,transactions_Databricks__dll,ACTIVE,,0,TOTAL_REPLACE,,1dsam000000PXnBAAW
transactions_jl_Databricks,transactions_jl_Databricks,Databricks,,Databricks,EXTERNAL,Engagement,ACTIVE,OK,True,SUCCESS,OK,,578,,,transactions_jl_Databricks__dll,ACTIVE,,0,TOTAL_REPLACE,,1dsam000000MkXFAA0
UriEventStream_Salesforce_Platform_Event,UriEventStream Salesforce Platform Event,Salesforce_Platform_Events,,EventBusConnector,CONNECTORSFRAMEWORK,Engagement,ACTIVE,OK,True,SUCCESS,OK,2026-07-02T16:27:25.000Z,14,0,0,UriEventStream_Salesforce_Platform_Event__dll,ACTIVE,,0,INCREMENTAL,HOURLY,1dsam000000IYCvAAO
User_Home,User_Home,SalesforceDotCom_Home,User,SalesforceDotCom,SFDC,Other,ACTIVE,OK,True,SUCCESS,OK,2025-12-31T17:05:38.000Z,135,0,0,User_Home__dll,ACTIVE,ssot__User__dlm,1,UPSERT,,1dsam000000I902AAC
User_InsuranceAFDC,User_InsuranceAFDC,SalesforceDotCom_InsuranceAFDC,User,SalesforceDotCom,SFDC_PACKAGE_KIT,Profile,ACTIVE,OK,True,SUCCESS,OK,2026-07-02T16:50:38.000Z,58,0,0,User_InsuranceAFDC__dll,ACTIVE,ssot__User__dlm,1,UPSERT,BATCH,1dsam000000KldwAAC
UserAccountTeamMember_Home,UserAccountTeamMember_Home,SalesforceDotCom_Home,UserAccountTeamMember,SalesforceDotCom,SFDC,Profile,ACTIVE,OK,True,SUCCESS,OK,2026-07-02T16:50:36.000Z,0,0,0,UserAccountTeamMember_Home__dll,ACTIVE,,0,UPSERT,BATCH,1dsam000000KWa2AAG
UserRole_Home,UserRole_Home,SalesforceDotCom_Home,UserRole,SalesforceDotCom,SFDC,Profile,ACTIVE,OK,True,SUCCESS,OK,2026-07-02T16:50:36.000Z,103,0,0,UserRole_Home__dll,ACTIVE,ssot__UserRole__dlm,1,UPSERT,BATCH,1dsam000000KWa1AAG
UserTerritory2Association_Home,UserTerritory2Association_Home,SalesforceDotCom_Home,UserTerritory2Association,SalesforceDotCom,SFDC_PACKAGE_KIT,Other,ACTIVE,OK,True,SUCCESS,OK,2026-07-02T16:50:36.000Z,0,0,0,UserTerritory2Association_Home__dll,ACTIVE,ssot__UserSalesTerritory__dlm,1,UPSERT,BATCH,1dsam000000NsqwAAC
VideoCall_Home,VideoCall_Home,SalesforceDotCom_Home,VideoCall,SalesforceDotCom,SFDC,Engagement,ACTIVE,OK,True,SUCCESS,OK,2025-12-31T18:00:38.000Z,0,0,0,VideoCall_Home__dll,ACTIVE,ssot__Activity__dlm; ssot__VideoCall__dlm,2,UPSERT,,1dsam000000Ik7dAAC
VideoCallParticipant_Home,VideoCallParticipant_Home,SalesforceDotCom_Home,VideoCallParticipant,SalesforceDotCom,SFDC_PACKAGE_KIT,Other,ACTIVE,OK,True,SUCCESS,OK,2025-12-31T21:50:37.000Z,0,0,0,VideoCallParticipant_Home__dll,ACTIVE,ssot__ActivityParticipant__dlm,1,UPSERT,,1dsam000000JRnhAAG
VideoCallRecording_Home,VideoCallRecording_Home,SalesforceDotCom_Home,VideoCallRecording,SalesforceDotCom,SFDC_PACKAGE_KIT,Other,ACTIVE,OK,True,SUCCESS,OK,2025-12-31T21:50:37.000Z,0,0,0,VideoCallRecording_Home__dll,ACTIVE,,0,UPSERT,,1dsam000000JRniAAG
VoiceCall_Home,VoiceCall_Home,SalesforceDotCom_Home,VoiceCall,SalesforceDotCom,SFDC,Engagement,ACTIVE,OK,True,SUCCESS,OK,2026-04-22T23:51:52.000Z,32,32,33,VoiceCall_Home__dll,ACTIVE,ssot__Activity__dlm; ssot__VoiceCall__dlm,2,UPSERT,,1dsam000000Ik61AAC
Web_Engagements_Snow,Web_Engagements_Snow,Jedi_Snowflake,,SNOWFLAKE,EXTERNAL,Engagement,ACTIVE,OK,True,SUCCESS,OK,2025-12-31T06:01:05.000Z,145,0,0,Web_Engagements_Snow__dll,ACTIVE,ssot__WebsiteEngagement__dlm,1,INCREMENTAL,,1dsam0000009vn4AAA
WebEngagementEventsV2_00Dam00000Uo32q_DeviceToIndividualMatch_B94CF6A7,WebEngagementEventsV2_00Dam00000Uo32q-DeviceToIndividualMatch,WebEngagementEventsV2_00Dam00000Uo32q_882b9846_f73d_42a9_800b_3b2af97d81e1,,IngestApi,INGESTAPI,Engagement,ACTIVE,OK,True,SUCCESS,OK,2025-11-25T05:09:13.000Z,0,0,0,WebEngagementEventsV2_00Dam0000_B94CF6A7__dll,ACTIVE,,0,UPSERT,,1dsam000000LlgfAAC
WebEngagementEventsV2_DeviceToIndividualMatch_2EF27A96,WebEngagementEventsV2-DeviceToIndividualMatch,WebEngagementEventsV2_427210bb_ecde_485a_9e81_46336acc2345,,IngestApi,INGESTAPI,Engagement,ACTIVE,OK,True,SUCCESS,OK,2025-09-09T16:19:19.000Z,0,0,0,WebEngagementEventsV2_DeviceToI_2EF27A96__dll,ACTIVE,,0,UPSERT,,1dsam000000KME5AAO
YTD_Transactions_SNOW,YTD_Transactions_SNOW,Jedi_Snowflake,,SNOWFLAKE,EXTERNAL,Engagement,ACTIVE,OK,True,SUCCESS,OK,,0,,,YTD_Transactions_SNOW__dll,ACTIVE,,0,TOTAL_REPLACE,,1dsam000000Gwb7AAC
